Number, Address, Application/ License, Expiration Date,
43246 Deer Canyon Rd,BCA-103850,8/12/2021
42350 Heavenly Valley Rd,BCA-104593,12/3/2021
744 Summit Blvd,BCA-105028,2/13/2022
42739 Haupstrasse Dr,BCA-104984,2/20/2022
168 Teakwood Dr,BCA-105231,3/6/2022
42456 AVALON RD,BCA-104105,10/28/2021
1298 BALSAM DR,BCA-103404,10/3/2021
803 PENNINSULA,BCA-104279,11/10/2021
41023 PENNSYLVANIA,BCA-102500,5/28/2021
41058 PENNSYLVANIA,BCA-102835,6/19/2021
42646 PEREGRINE AVE,BCA-105230,3/9/2022
1285 PIGEON RD,BCA-104174,12/20/2021
791 PINE KNOT AVE,BCA-104050,10/23/2021
42752 LA PLACIDA AVE,BCA-104316,11/13/2021
43121 PLYMOUTH RD,BCA-104152,8/26/2021
562 PONDEROSA DR,BCA-104205,11/30/2021
179 FINCH DR,BCA-102966,8/8/2021
231 FINCH DR,BCA-104374,12/5/2021
248 FINCH DR,BCA-104136,12/21/2021
39656 FOREST RD,BCA-103996,11/7/2021
39736 FOREST RD,BCA-103347,8/24/2021
39991 FOREST RD,BCA-102620,7/18/2021
40078 FOREST RD,BCA-102833,6/29/2021
40080 FRANCIS WY,BCA-105221,2/18/2022
41821 GARSTIN DR,BCA-104423,11/18/2021
41732 TANAGER DR,BCA-102968,8/10/2021
481 TAVERN LN,BCA-105008,3/11/2022
730 TAYLES POINT,BCA-102906,7/13/2021
737 TEHAMA DR,BCA-104341,11/16/2021
738 TEHAMA DR,BCA-104747,1/10/2022
744 TEHAMA DR,BCA-103517,10/17/2021
783 TEHAMA DR,BCA-103704,11/17/2021
477 TEMPLE LN,BCA-103529,10/1/2021
560 TEMPLE LN,BCA-102810,6/22/2021
683 TEMPLE LN,BCA-103738,10/19/2021
41181 TERRAPIN RD,BCA-104408,12/2/2021
1123 TETON DR,BCA-104972,2/16/2022
1260 SAN PASQUAL DR,BCA-105389,4/19/2022
43550 SAN PASQUAL DR,BCA-104070,10/26/2021
43181 SAND CANYON RD,BCA-103824,10/7/2021
43413 SAND CANYON RD,BCA-103299,8/18/2021
43663 SAND CANYON RD,BCA-104824,1/10/2022
43692 SAND CANYON RD,BCA-102669,5/26/2021
43664 SAND CANYON RD,BCA-103126,7/30/2021
381 SANTA CLARA BLVD,BCA-104721,1/7/2022
432 SANTA CLARA BLVD,BCA-105138,2/5/2022
428 SHADY LN,BCA-103874,10/30/2021
470 EDGEMOOR RD,BCA-102654,6/26/2021
735 EDGEMOOR RD,BCA-104534,11/30/2021
209 ELGIN RD,BCA-104158,11/22/2021
40171 ESTERLY LN,BCA-104065,12/4/2021
40173 ESTERLY LN,BCA-104514,11/18/2021
145 N FINCH DR,BCA-104246,10/30/2021
188 S EUREKA DR,BCA-102771,6/29/2021
220 EUREKA DR,BCA-104322,10/8/2021
1322 SISKIYOU DR,BCA-104440,11/28/2021
42327 SNOW CREST DR,BCA-103246,8/14/2021
42118 SNOWMASS,BCA-105442,3/16/2022
42648 SONOMA DR,BCA-103101,8/4/2021
40355 CLIFF LN,BCA-103944,10/16/2021
751 ST MORITZ DR,BCA-104579,11/17/2021
664 ST MORTIZ DR,BCA-103322,8/20/2021
371 STARLIGHT CIR,BCA-102597,5/28/2021
440 STARLIGHT CIRCLE DR,BCA-104359,12/19/2021
160 STARVATION FLATS RD,BCA-104189,11/24/2021
39122 STARVIEW LN,BCA-102877,7/6/2021
40842 STONE RD,BCA-102840,7/14/2021
695 COVE DR,BCA-103534,9/15/2021
791 COVE DR,BCA-104889,12/11/2021
447 CRANE DR,BCA-103755,9/30/2021
268 CRATER LAKE RD,BCA-102615,7/6/2021
797 CRESTWOOD DR,BCA-103740,11/13/2021
43354 DEER CANYON DR,BCA-104268,11/30/2021
43272 DEER CANYON RD,BCA-104396,12/18/2021
316 VISTA LN,BCA-103895,10/18/2021
523 VISTA,BCA-104594,1/7/2022
505 WANITA LN,BCA-102480,6/6/2021
530 WANITA LN,BCA-103860,10/12/2021
38822 WATERVIEW DR,BCA-103245,9/27/2021
39080 WATERVIEW DR,BCA-102824,8/11/2021
508 WAYNOKA LN,BCA-103537,10/10/2021
42574 WILLOW AVE,BCA-103437,9/1/2021
41593 BROWNIE LN,BCA-105267,3/27/2022
42141 BROWNIE LN,BCA-104773,12/1/2021
915 CAMERON DR,BCA-105323,3/1/2022
930 CAMERON DR,BCA-102736,6/18/2021
1024 CAMERON DR,BCA-103467,10/3/2021
43731 CANYON CREST,BCA-104462,1/7/2022
760 BLUE JAY RD UNIT 31,BCA-105502,5/14/2022
760 BLUE JAY RD UNIT 33,BCA-103122,7/15/2021
813 BOULDER RD,BCA-104055,11/5/2021
43241 BOW CANYON RD,BCA-103490,10/7/2021
1218 BOW CANYON CT,BCA-103321,8/20/2021
42558 CEDAR AVE,BCA-102830,6/17/2021
42575 CEDAR AVE,BCA-104019,11/15/2021
697 CHIPMUNK LN,BCA-103084,8/6/2021
451 CIENEGA RD,BCA-103727,10/1/2021
571 CIENEGA RD,BCA-103030,7/18/2021
1177 BEAR MEADOWS LN,BCA-104141,11/7/2021
39049 BIG BEAR BLVD,BCA-103214,9/28/2021
39217 BIG BEAR BLVD,BCA-105127,2/4/2022
40161 BIG BEAR BLVD,BCA-103564,10/14/2021
41935 SWITZERLAND #122,BCA-104025,11/2/2021
41935 SWITZERLAND #22,BCA-102107,5/30/2021
41935 SWITZERLAND #12,BCA-103682,11/16/2021
1032 SYLVAN GLEN,BCA-103447,8/13/2021
654 CIENEGA RD,BCA-104823,1/12/2022
663 CIENEGA RD Unit D,BCA-103842,10/7/2021
749 CIENEGA RD Unit B,BCA-104127,11/14/2021
793 CIENEGA RD Unit B,BCA-103295,8/18/2021
43008 CLOVER RD,BCA-103973,11/10/2021
1125 CLUB VIEW DR,BCA-103921,10/15/2021
981 COLUSA LN,BCA-105391,3/3/2022
43645 COLUSA DR,BCA-104971,2/14/2022
39597 LAKE DR,BCA-104339,11/11/2021
39609 LAKE DR,BCA-102904,8/3/2021
478 LAKEVIEW CT,BCA-103810,10/6/2021
39880 LAKEVIEW DR,BCA-102409,7/29/2021
39908 LAKEVIEW DR,BCA-104751,1/15/2022
40153 LAKEVIEW DR,BCA-103965,7/25/2021
39802 LAKEVIEW UNIT 17,BCA-105278,2/26/2022
539 LAKEWOOD LN Unit A,BCA-105124,3/4/2022
636 LAKEWOOD LN,BCA-105154,3/12/2022
41671 MC WHINNEY LN,BCA-104883,2/13/2022
665 METCALF LN,BCA-105201,2/11/2022
40197 MILLCREEK RD Unit B,BCA-104737,12/29/2021
39383 MOAB LN,BCA-104308,11/12/2021
741 JEFFRIES RD,BCA-102512,7/18/2021
892 JEFFRIES RD,BCA-103852,10/9/2021
42401 JUNIPER DR,BCA-104096,10/27/2021
42527 JUNIPER DR,BCA-103778,11/14/2021
42673 JUNIPER DR,BCA-104759,1/29/2022
945 KNICKERBOCKER,BCA-102785,8/23/2021
458 KNIGHT AVE,BCA-103566,9/15/2021
771 KNIGHT AVE,BCA-103017,7/21/2021
222 KNOLL RD,BCA-104985,1/26/2022
268 ORIOLE DR,BCA-104373,12/5/2021
387 ORIOLE DR,BCA-105125,3/2/2022
404 ORIOLE DR,BCA-104225,11/5/2021
420 ORIOLE DR,BCA-105152,3/4/2022
41519 PARK,BCA-104635,12/16/2021
41744 PARK AVE,BCA-104376,12/5/2021
39309 PEAK LN,BCA-104584,11/24/2021
685 GEORGIA ST,BCA-104008,11/18/2021
369 GIBRALTER RD,BCA-102582,6/25/2021
40307 GIBRALTER LNDG,BCA-104196,11/3/2021
40183 GLEN RD,BCA-103777,9/21/2021
40005 GLENVIEW DR,BCA-103747,11/20/2021
785 GOLDEN WEST DR,BCA-104121,11/16/2021
41813 GOLDEN WEST PL,BCA-104524,11/9/2021
646 GOLDENWEST DR,BCA-105352,5/8/2022
43065 GOLDMINE WOODS LN,BCA-104419,11/18/2021
803 GREAT SPIRITS WY,BCA-103693,10/10/2021
1380 PRIMROSE CT,BCA-103231,8/13/2021
43365 PRIMROSE DR,BCA-104652,1/4/2022
40148 Mill Creek Rd.,BCA-102477,6/4/2021
39016 ROBIN RD,BCA-104836,1/12/2022
39177 ROBIN RD,BCA-104869,1/15/2022
1429 ROCKSPRAY DR,BCA-103623,9/5/2021
387 EUREKA DR,BCA-104372,12/11/2021
820 S EUREKA DR,BCA-104083,11/14/2021
902 EUREKA ST,BCA-103903,10/29/2021
41893 Evergreen Dr. Unit A,BCA-102363,5/31/2021
41992 EVERGREEN DR,BCA-105086,1/27/2022
42307 EVERGREEN DR,BCA-104354,12/9/2021
42930 FAIRY LN,BCA-104410,11/17/2021
462 FALLEN LEAF RD,BCA-105511,4/19/2022
42946 Fern Ave.,BCA-104546,12/18/2021
43903 YOSEMITE DR,BCA-102845,7/14/2021
861 THRUSH DR 17,BCA-104856,2/9/2022
861 THRUSH DR #57,BCA-105055,3/19/2022
861 THRUSH DR #70,BCA-105048,3/19/2022
41668 THRUSH CT,BCA-103336,9/28/2021
861 THRUSH #36,BCA-105064,3/19/2022
762 TOMAHAWK DR,BCA-104389,12/28/2021
43399 SHASTA RD,BCA-102394,5/29/2021
43130 SHEEPHORN RD,BCA-105460,3/19/2022
43160 SHEEPHORN RD,BCA-104890,1/12/2022
43310 SHEEPHORN RD,BCA-103575,10/6/2021
593 SILVER TIP DR,BCA-104528,10/10/2021
718 SILVER TIP DR,BCA-103644,9/5/2021
771 SILVER TIP DR,BCA-104976,2/24/2022
40622 SIMONDS DR,BCA-103840,11/5/2021
592 DOUGLAS ST,BCA-104404,12/6/2021
312 DOVE CT,BCA-104426,11/14/2021
122 N EAGLE DR,BCA-104191,11/1/2021
42348 EAGLE RIDGE,BCA-105179,3/21/2022
295 STONY CREEK RD,BCA-105079,2/6/2022
596 SUMMIT BLVD Unit A,BCA-104603,12/14/2021
620 SUMMIT BLVD,BCA-103590,10/3/2021
796 SUMMIT BLVD D,BCA-103636,9/18/2021
451 SUNNY LN,BCA-104913,2/1/2022
42985 SUNSET DR,BCA-103417,10/1/2021
43058 SUNSET DR,BCA-102612,7/5/2021
41516 SWAN DR,BCA-103631,9/2/2021
792 SWITZERLAND PL,BCA-105155,3/4/2022
41869 SWITZERLAND #9,BCA-103478,10/12/2021
41935 SWITZERLAND #105,BCA-104649,12/4/2021
41694 COMSTOCK LN,BCA-103837,11/2/2021
42753 CONIFER DR,BCA-103862,10/10/2021
842 CONKLIN RD,BCA-104758,1/29/2022
42745 WILLOW AVE,BCA-103540,9/25/2021
38994 WILLOW LANDING,BCA-102585,6/28/2021
718 BLUE JAY or 39136 WILLOW LDG,BCA-104028,11/2/2021
39233 WILLOW LANDING,BCA-105300,3/1/2022
42045 WINTER PARK DR,BCA-103748,9/30/2021
363 WREN DR,BCA-102571,6/13/2021
395 WREN DR,BCA-103226,9/1/2021
606 WREN DR,BCA-103522,9/21/2021
43827 YOSEMITE DR,BCA-103046,9/14/2021
1301 LASSEN DR,BCA-104830,11/5/2021
1373 LASSEN DR,BCA-104536,12/14/2021
40104 MAHANOY LN,BCA-103676,10/21/2021
40218 MAHANOY LN,BCA-105269,4/5/2022
40260 MAHANOY,BCA-105151,3/4/2022
569 MAIN ST,BCA-102977,7/9/2021
676 MAIN ST,BCA-103089,6/6/2021
701 MARIN RD,BCA-105232,3/6/2022
41656 MC WHINNEY LN,BCA-104899,1/20/2022
42624 LA CERENA AVE,BCA-103922,10/15/2021
42707 LA CERENA AVE,BCA-104535,11/30/2021
42613 LA PLACIDA AVE,BCA-104239,11/6/2021
42670 LA PLACIDA AVE,BCA-104391,12/18/2021
42714 LA PLACIDA AVE,BCA-103042,8/13/2021
133 LAGUNITA LN,BCA-103963,10/7/2021
43025 MONTEREY RD,BCA-103451,8/16/2021
42638 MOONRIDGE RD,BCA-103159,9/12/2021
43134 MOONRIDGE RD,BCA-105380,3/7/2022
469 MORNINGSTAR PL,BCA-104181,11/18/2021
43089 GRIZZLY RD,BCA-103472,10/3/2021
40184 GUINAN LN,BCA-103405,8/28/2021
40217 GUINAN LN,BCA-104002,11/21/2021
40241 GUINAN LN,BCA-104819,2/9/2022
42749 HAUPSTRASSE DR,BCA-103586,10/2/2021
42267 HEAVENLY VALLEY RD,BCA-103957,11/28/2021
42384 HEAVENLY VALLEY RD,BCA-104975,2/21/2022
40085 HIGHLAND RD,BCA-104795,1/7/2022
40010 HILLCREST DR,BCA-103396,8/21/2021
789 IRIS DR,BCA-102657,6/19/2021
40575 IRONWOOD DR,BCA-104766,12/15/2021
40588 IRONWOOD DR,BCA-105208,2/16/2022
888 JAYBIRD LN,BCA-104648,1/30/2022
323 Knight Ave,BCA-104672,11/23/2021
41893 Evergreen Dr Unit B,BCA-102362,5/31/2021
603 Summit Blvd,BCA-105134,2/5/2022
429 Wren Dr,BCA-102584,6/25/2021
43160 Moonridge Rd,BCA-103775,10/30/2021
699 Conklin Rd,BCA-103969,11/7/2021
43686 Ridgecrest Dr,BCA-104079,11/13/2021
42055 Winter Park Dr,BCA-103878,11/19/2021
266 Eureka Dr.,BCA-104789,1/5/2022
42559 ALTA VISTA AVE,BCA-102371,6/18/2021
42598 ALTA VISTA AVE,BCA-104192,11/1/2021
885 ANDREW,BCA-103578,9/15/2021
928 ANDREW LN (FRONT UNIT),BCA-102280,6/19/2021
1228 ASPEN DR,BCA-103355,10/12/2021
39366 AURORA RD,BCA-103221,9/7/2021
42325 AVALON RD,BCA-105160,3/23/2022
42346 AVALON RD,BCA-102753,8/17/2021
42356 AVALON,BCA-104825,10/20/2021
42437 BALBOA LN,BCA-104993,2/17/2022
1247 BALSAM,BCA-103841,10/7/2021
42537 PEREGRINE AVE,BCA-103518,10/16/2021
42674 PEREGRINE AVE,BCA-104117,11/1/2021
207 PINECREST DR,BCA-105251,3/2/2022
43151 PLYMOUTH RD,BCA-103563,9/15/2021
39567 FOREST RD,BCA-104319,11/20/2021
445 FOX DR,BCA-104035,11/6/2021
42385 FOX FARM RD,BCA-103884,10/31/2021
42386 FOX FARM RD,BCA-103085,8/23/2021
42470 FOX FARM RD,BCA-105364,4/15/2022
426 GEORGIA ST,BCA-102670,6/14/2021
41686 TANAGER DR,BCA-103176,9/5/2021
42745 TANNENBAUM PL,BCA-103125,7/16/2021
42756 TANNENBAUM PL,BCA-102502,7/19/2021
800 TEHAMA DR,BCA-103559,10/5/2021
454 TEMPLE LN,BCA-105198,3/2/2022
539 TEMPLE LN,BCA-104126,11/14/2021
414 TENNESSEE,BCA-103422,10/21/2021
1163 TETON DR,BCA-103479,10/21/2021
116 ROUND DR,BCA-104034,11/5/2021
608 SAN GORGONIO DR,BCA-104263,11/27/2021
43208 SAND CANYON RD,BCA-104888,1/17/2022
43785 SAND CANYON RD,BCA-105260,2/23/2022
421 SANTA CLARA BLVD,BCA-104674,12/15/2021
350 SCANDIA RD,BCA-103091,9/22/2021
550 EDGEMOOR RD,BCA-103216,9/27/2021
571 EDGEMOOR RD,BCA-105106,3/9/2022
781 EDGEMOOR RD,BCA-103095,9/14/2021
673 ELM ST,BCA-103643,9/19/2021
694 ELM ST,BCA-102634,7/3/2021
884 ELM ST,BCA-103481,10/22/2021
42889 ENCINO RD,BCA-103217,9/27/2021
40114 ESTERLY LN,BCA-103154,9/14/2021
1215 SISKIYOU DR,BCA-104602,12/12/2021
1224 SISKIYOU,BCA-105146,3/21/2022
681 SNOWBIRD CT,BCA-104555,12/11/2021
42888 SONOMA DR,BCA-103034,9/27/2021
559 ST ANTON CT,BCA-105307,10/1/2021
590 ST ANTON CT,BCA-103535,9/23/2021
736 ST. MORITZ DR,BCA-105132,12/4/2021
306 STARLIGHT CIR,BCA-102588,7/10/2021
476 STARLIGHT CIR,BCA-103728,10/7/2021
114 STARVATION FLATS,BCA-102956,8/21/2021
422 CRANE DR,BCA-104042,11/9/2021
430 CRANE DR,BCA-102718,6/17/2021
438 CRANE DR,BCA-104324,11/13/2021
455 CRANE DR,BCA-103905,10/24/2021
428 CRATER LAKE RD,BCA-103835,10/17/2021
565 CRESTWOOD DR,BCA-104142,11/7/2021
792 CRESTWOOD DR,BCA-104909,11/3/2021
143 CRYSTAL LAKE RD,BCA-104265,11/29/2021
364 CRYSTAL LAKE RD,BCA-105241,3/26/2022
376 CRYSTAL LAKE RD,BCA-103086,9/8/2021
447 VISTA LN,BCA-104601,11/9/2021
38795 WATERVIEW DR,BCA-102820,8/13/2021
38797 WATERVIEW DR,BCA-103781,10/4/2021
523 WAYNOKA WY,BCA-102652,6/26/2021
42569 WILLOW AVE,BCA-105338,4/1/2022
42581 WILLOW AVE,BCA-104519,11/21/2021
43568 BOW CANYON RD,BCA-103452,8/21/2021
469 BOYD TR,BCA-104001,11/27/2021
41730 BROWNIE LN Unit 3,BCA-102832,6/29/2021
41764 BROWNIE LN Unit 6,BCA-104204,11/21/2021
803 CAMERON DR,BCA-104134,11/12/2021
805 CAMERON DR,BCA-103756,11/3/2021
397 CANVAS BACK RD,BCA-104900,1/19/2022
373 CATALINA AVE,BCA-103241,9/21/2021
279 BLUE BIRD CT,BCA-104775,1/2/2022
43259 BOW CANYON DR,BCA-104552,12/11/2021
43442 BOW CANYON RD,BCA-104798,1/1/2022
43561 BOW CANYON RD,BCA-103376,10/10/2021
43629 BOW CANYON DR,BCA-104092,10/27/2021
43414 BOW CANYON RD,BCA-103209,8/22/2021
43490 BOW CANYON RD,BCA-104048,10/20/2021
463 CATALINA RD,BCA-105214,1/10/2022
526 CATALINA RD,BCA-104828,1/15/2022
42531 CEDAR AVE,BCA-104318,11/20/2021
42587 CEDAR AVE,BCA-103678,10/12/2021
42670 CEDAR AVE,BCA-103724,9/26/2021
42831 CEDAR AVE,BCA-103802,9/2/2021
42840 CEDAR AVE,BCA-103887,10/12/2021
440 CHIP O WOOD LN,BCA-105451,4/16/2022
1351 BALSAM DR,BCA-105491,4/4/2022
43094 BEAR CREEK CT,BCA-103557,9/15/2021
43095 BEAR CREEK CT,BCA-103898,10/2/2021
43096 BEAR CREEK CT,BCA-105145,2/8/2022
38630 BIG BEAR BLVD,BCA-104989,3/13/2022
38777 BIG BEAR BLVD,BCA-103621,9/18/2021
41935 SWITZERLAND #120,BCA-104167,12/4/2021
41935 SWITZERLAND #28,BCA-105402,3/9/2022
41935 SWITZERLAND #44,BCA-104896,2/11/2022
41935 SWITZERLAND #52,BCA-105039,3/20/2022
41935 SWITZERLAND #61,BCA-102301,6/22/2021
41935 SWITZERLAND #66,BCA-105037,3/20/2022
41935 SWITZERLAND #82,BCA-104108,10/28/2021
41935 SWITZERLAND #85,BCA-105036,3/20/2022
41935 SWITZERLAND #87,BCA-104059,9/11/2021
41935 SWITZERLAND #94,BCA-103028,7/22/2021
41935 SWITZERLAND #11,BCA-105043,3/20/2022
41644 TAHOE DR,BCA-104734,1/22/2022
38598 TALBOT DR,BCA-103081,7/30/2021
544 TALMADGE RD,BCA-105186,2/25/2022
862 TALMADGE RD,BCA-102561,6/2/2021
1062 CLUB VIEW DR,BCA-104585,12/28/2021
997 CLUBVIEW DR,BCA-103526,10/7/2021
1224 CLUBVIEW DR,BCA-105153,3/4/2022
39462 LAKE DR,BCA-103486,10/24/2021
39473 LAKE DR,BCA-104289,11/10/2021
39543 LAKE DR,BCA-102395,5/31/2021
39599 LAKE DR,BCA-104392,12/18/2021
39623 LAKE DR,BCA-103381,10/8/2021
39662 LAKE DR,BCA-105117,2/3/2022
39670 LAKE DR,BCA-102628,7/28/2021
39882 LAKEVIEW DR,BCA-103754,9/30/2021
40072 LAKEVIEW DR,BCA-104022,11/9/2021
40103 LAKEVIEW DR,BCA-103114,7/9/2021
40156 LAKEVIEW DR,BCA-103876,11/20/2021
40180 LAKEVIEW DR,BCA-103871,10/14/2021
40230 LAKEVIEW DR,BCA-103773,10/30/2021
511 LAKEWOOD LN,BCA-102786,8/3/2021
569 LAKEWOOD LN,BCA-104294,11/12/2021
41618 MC WHINNEY LN,BCA-103737,10/19/2021
43875 MENDOCINO DR,BCA-104981,12/21/2021
764 MENLO DR,BCA-103410,9/24/2021
846 MENLO DR,BCA-104866,1/23/2022
668 METCALF LN,BCA-102714,5/26/2021
682 JEFFRIES RD,BCA-103026,6/8/2021
42363 JUNIPER DR,BCA-102974,8/30/2021
42640 JUNIPER DR,BCA-105116,3/25/2022
42788 JUNIPER DR,BCA-103313,8/17/2021
983 KNICKERBOCKER,BCA-104507,12/4/2021
601 KNIGHT AVE,BCA-104375,12/19/2021
719 KNIGHT AVE,BCA-103585,10/2/2021
878 KNIGHT AVE,BCA-103920,10/15/2021
39192 NORTH BAY DR,BCA-103093,10/30/2021
39277 NORTH BAY DR,BCA-103430,8/22/2021
261 OLYMPIC DR,BCA-102649,6/29/2021
41618 PARK AVE,BCA-102867,8/14/2021
465 GEORGIA ST,BCA-104402,12/5/2021
406 GIBRALTER RD,BCA-104427,11/20/2021
39996 GLENVIEW RD,BCA-103912,10/13/2021
41827 GOLDEN WEST PL,BCA-102549,6/14/2021
792 GREAT SPIRIT WY,BCA-104357,12/6/2021
43364 PRIMROSE DR,BCA-104930,2/1/2022
852 RAVINE RD,BCA-103332,8/20/2021
43376 RIDGECREST DR,BCA-103524,8/12/2021
43645 RIDGE CREST DR,BCA-104750,1/13/2022
43526 RIDGECREST DR,BCA-105143,1/12/2022
1405 ROCKSPRAY DR,BCA-104779,2/13/2022
279 EUREKA DR,BCA-102708,7/3/2021
41941 EVERGREEN DR,BCA-105279,3/30/2022
42621 FALCON AVE,BCA-104072,10/26/2021
42645 FALCON,BCA-103640,9/18/2021
42666 FALCON AVE,BCA-104456,8/12/2021
42675 FALCON AVE,BCA-103615,9/16/2021
42679 FALCON AVE,BCA-104278,10/21/2021
861 THRUSH DR #14,BCA-103254,8/12/2021
861 THRUSH DR #66,BCA-105052,3/19/2022
861 THRUSH Unit 60,BCA-103365,10/20/2021
861 THRUSH DR Unit 73,BCA-105358,4/23/2022
861 THRUSH #69,BCA-105049,3/19/2022
740 TOMAHAWK DR,BCA-104980,1/25/2022
40013 TRL OF THE WHISP PINES,BCA-102679,7/7/2021
895 TULIP,BCA-104291,11/10/2021
42813 URSA MAJOR WY,BCA-102764,8/6/2021
43372 SHASTA RD,BCA-103335,8/20/2021
43563 SHASTA DR,BCA-104077,11/13/2021
43574 SHASTA RD,BCA-102493,7/11/2021
43498 SHEEPHORN RD,BCA-104746,1/7/2022
40051 SIERRA TRL.,BCA-104722,1/7/2022
676 SILVER TIP DR,BCA-103187,8/21/2021
796 SILVER TIP DR,BCA-103572,10/4/2021
803 SILVER TIP DR,BCA-104155,10/30/2021
567 SILVERTIP DR,BCA-103828,10/7/2021
799 SILVERTIP DR,BCA-103831,10/8/2021
42969 DOGWOOD DR,BCA-103279,8/28/2021
180 EAGLE DR,BCA-104853,11/9/2021
230 S EAGLE DR,BCA-102314,5/25/2021
101 STONY CREEK RD,BCA-103720,9/26/2021
569 SUMMIT BLVD #1,BCA-104056,12/17/2021
733 SUMMIT BLVD Unit 3,BCA-104640,1/29/2022
764 SUMMIT Unit A,BCA-103934,10/8/2021
41594 SWAN DR,BCA-104558,12/11/2021
41935 SWITZERLAND #103,BCA-104848,12/27/2021
41935 SWITZERLAND #107,BCA-102611,7/1/2021
41572 COMSTOCK LN,BCA-103774,10/30/2021
42769 CONIFER DR,BCA-104629,12/8/2021
42778 CONIFER DR,BCA-102655,6/22/2021
42584 COUGAR RD,BCA-105136,3/18/2022
42653 COUGAR RD,BCA-103532,8/30/2021
42707 COUGAR RD,BCA-104430,10/26/2021
42732 COUGAR RD,BCA-104057,12/5/2021
42798 COUGAR RD,BCA-103160,8/12/2021
42758 WILLOW AVE,BCA-105236,3/29/2022
42842 WILLOW AVE,BCA-102847,7/1/2021
43606 YOSEMITE DR,BCA-104179,11/18/2021
43628 YOSEMITE DR,BCA-103509,9/5/2021
647 LINTNER RD,BCA-102713,5/26/2021
836 LOWE DR,BCA-102526,6/8/2021
40233 MAHANOY LN,BCA-104826,1/11/2022
638 MAIN ST,BCA-104235,11/9/2021
675 MAIN ST,BCA-103943,10/16/2021
41974 MAPLE LEAF DR,BCA-103547,9/19/2021
657 MARIN RD,BCA-103936,11/16/2021
41596 MC WHINNEY,BCA-103057,7/28/2021
42551 LA CERENA AVE,BCA-102248,5/29/2021
42640 LA CERENA AVE,BCA-105150,12/21/2021
42732 LA CERENA AVE,BCA-104342,11/16/2021
42753 LA CERENA AVE,BCA-103897,10/17/2021
42645 LA PLACIDA AVE,BCA-104371,12/6/2021
42683 LA PLACIDA AVE,BCA-102779,7/11/2021
149 LAGUNITA LN,BCA-103882,10/12/2021
150 LAGUNITA LN,BCA-104188,11/24/2021
41301 LAHONTAN DR,BCA-104843,11/17/2021
42842 MONTEREY ST,BCA-105126,3/13/2022
43060 MOONRIDGE RD,BCA-104024,11/8/2021
43098 MOONRIDGE RD,BCA-104045,12/4/2021
43128 MOONRIDGE RD,BCA-105171,2/9/2022
43140 MOONRIDGE RD,BCA-104094,10/26/2021
43220 MOONRIDGE RD,BCA-103967,10/20/2021
43260 MOONRIDGE RD,BCA-104753,1/18/2022
402 MOUNTAINAIRE LN,BCA-104783,12/22/2021
424 MOUNTAINAIRE LN,BCA-104364,12/21/2021
753 MOUNTAIN SKY DR,BCA-103662,9/23/2021
39067 NORTH BAY RD,BCA-103661,9/23/2021
42359 HEAVENLY VALLEY RD,BCA-104605,12/4/2021
40090 HIGHLAND RD,BCA-105233,3/14/2022
40043 HILLCREST DR,BCA-103668,11/24/2021
41616 HUMMINGBIRD LN,BCA-102672,5/29/2021
40629 IRONWOOD DR,BCA-104581,12/2/2021
119 LAGUNITA LN Unit B,BCA-105085,3/27/2022
40573 SIMONDS DR Unit 3,BCA-103444,8/13/2021
715 Georgia St,BCA-104509,1/25/2022
39046 Robin Rd,BCA-104139,11/9/2021
42380 Juniper Dr,BCA-102594,7/12/2021
786 SUMMIT BLVD B,BCA-103638,9/18/2021
40217 Dream St,BCA-105360,4/24/2022
40263 Dream St,BCA-105223,4/22/2022
426 Eagle Lake Pl,BCA-104040,11/7/2021
386 Crystal Lake Rd,BCA-103779,10/1/2021
658 Marin Rd,BCA-103866,10/9/2021
1288 Club View Dr #101,BCA-103993,10/15/2021
549 Edgemoor Rd,BCA-104285,10/16/2021
596 Summit Unit B,BCA-105298,2/28/2022
569 Waynoka Ln,BCA-105113,2/21/2022
42515 ALTA VISTA AVE,BCA-103222,9/11/2021
42697 ALTA VISTA AVE,BCA-104770,1/6/2022
42728 ALTA VISTA AVE,BCA-102959,8/13/2021
377 ARROYO DR,BCA-102884,7/6/2021
414 ARROYO DR,BCA-104586,12/3/2021
1204 ASPEN DR,BCA-104137,11/12/2021
42494 AVALON RD,BCA-104365,12/21/2021
1253 BALSAM DR,BCA-103948,10/20/2021
1263 BALSAM DR,BCA-103908,10/13/2021
42554 PEREGRINE AVE,BCA-104343,11/15/2021
42570 PEREGRINE AVE,BCA-102596,6/13/2021
42595 PEREGRINE AVE,BCA-104919,2/12/2022
42720 PEREGRINE AVE,BCA-104974,2/19/2022
42769 PEREGRINE AVE,BCA-103588,10/2/2021
1342 PIGEON RD,BCA-104805,2/24/2022
154 POPLAR ST,BCA-105107,12/23/2021
197 FINCH DR,BCA-104190,11/1/2021
42440 FOX FARM RD,BCA-103889,10/8/2021
42580 FOX FARM RD,BCA-104245,11/6/2021
482 TAVERN LN,BCA-104709,12/23/2021
179 TEAKWOOD DR,BCA-103593,10/7/2021
240 TEAKWOOD DR,BCA-105114,3/4/2022
41235 TERRAPIN RD,BCA-104369,12/1/2021
1178 TETON DR,BCA-104918,2/23/2022
104 ROUND DR,BCA-103761,10/22/2021
741 SAINT MORITZ DR,BCA-105359,4/23/2022
43606 SAN PASQUAL DR,BCA-103539,9/11/2021
1271 SAND CANYON CT,BCA-104840,1/12/2022
43255 SAND CANYON RD,BCA-104311,11/23/2021
284 SANTA CLARA BLVD,BCA-104029,11/2/2021
329 SANTA CLARA BLVD,BCA-104736,12/29/2021
422 SANTA CLARA BLVD,BCA-102558,6/14/2021
201 ELGIN RD,BCA-105108,1/30/2022
42870 ENCINO RD,BCA-105173,3/15/2022
42947 ENCINO RD,BCA-103999,11/6/2021
40139 ESTERLY LN,BCA-105353,3/3/2022
40159 ESTERLY LN,BCA-102618,7/13/2021
234 EUREKA DR,BCA-104991,2/10/2022
1134 SISKIYOU DR,BCA-105295,1/21/2022
1194 SISKIYOU DR,BCA-103189,9/22/2021
1323 SISKIYOU DR,BCA-105356,4/18/2022
42062 SNOMASS LN,BCA-104928,1/29/2022
39821 SNOWBALL LN,BCA-105291,3/4/2022
42896 SONOMA DR,BCA-104673,12/11/2021
579 ST ANTON CT,BCA-102614,7/6/2021
570 ST MORITZ DR,BCA-102872,7/29/2021
315 STARLIGHT CIR,BCA-104283,11/10/2021
323 STARLIGHT CIR,BCA-102505,6/27/2021
359 STARLIGHT CIR,BCA-103100,8/3/2021
144 STARVATION FLATS RD,BCA-104262,11/27/2021
755 COVE DR,BCA-104032,11/5/2021
786 COVE DR,BCA-103098,9/3/2021
217 CRATER LAKE RD,BCA-103466,10/3/2021
285 CRATER LAKE RD,BCA-104814,9/14/2021
639 CRESTWOOD DR,BCA-104745,1/6/2022
715 CRESTWOOD DR,BCA-102253,6/3/2021
504 VISTA LN,BCA-103980,10/20/2021
535 WANITA LN,BCA-103304,8/19/2021
39095 WATERVIEW DR,BCA-104575,12/1/2021
39105 WATERVIEW DR,BCA-104315,11/13/2021
531 WAYNOKA LN,BCA-103012,7/31/2021
42532 WILLOW AVE,BCA-105137,11/27/2021
41730 BROWNIE LN Unit 1,BCA-104849,1/31/2022
41764 BROWNIE LN Unit 4,BCA-103717,9/29/2021
41829 BROWNIE LN,BCA-104706,12/15/2021
41959 BROWNIE LN,BCA-104475,12/7/2021
1291 BUFFALO CT,BCA-104916,2/25/2022
852 CAMERON DR,BCA-102740,7/10/2021
43826 CANYON CREST DR,BCA-105249,2/22/2022
355 CATALINA RD,BCA-103550,9/14/2021
760 BLUE JAY RD UNIT 15,BCA-104429,11/18/2021
760 BLUE JAY RD UNIT 16,BCA-103461,10/1/2021
760 BLUE JAY RD UNIT 36,BCA-102550,6/1/2021
760 BLUE JAY RD UNIT 40,BCA-102645,6/8/2021
760 BLUE JAY RD UNIT 46,BCA-105082,2/1/2022
744 BOULDER BAY CT,BCA-103879,11/10/2021
43546 BOW CANYON RD,BCA-105226,3/13/2022
43591 BOW CANYON RD,BCA-104744,1/4/2022
506 CATALINA RD,BCA-104850,12/12/2021
507 CATALINA RD,BCA-104808,1/9/2022
42570 CEDAR AVE,BCA-104323,12/26/2021
42592 CEDAR AVE,BCA-104995,12/11/2021
42715 CEDAR AVE,BCA-103666,11/1/2021
42727 CEDAR AVE,BCA-104810,2/6/2022
604 CIENEGA DR,BCA-104018,11/13/2021
40670 BIG BEAR BLVD UNIT 10,BCA-103059,7/28/2021
40670 BIG BEAR BLVD UNIT 9,BCA-103769,10/30/2021
39038 BAYVIEW LN,BCA-104082,11/14/2021
681 BERKLEY LN,BCA-104966,12/11/2021
38842 BIG BEAR BLVD,BCA-103112,8/5/2021
38925 BIG BEAR BLVD,BCA-102622,7/22/2021
39069 BIG BEAR BLVD,BCA-102275,6/19/2021
41935 SWITZERLAND #21,BCA-102530,5/29/2021
41935 SWITZERLAND #15,BCA-105174,3/15/2022
1059 SYLVAN GLEN,BCA-103259,10/5/2021
41971 TAMARACK,BCA-103670,9/24/2021
723 CIENEGA RD Unit C,BCA-104720,1/10/2022
755 CIENEGA RD Unit D,BCA-104010,11/18/2021
781 CIENEGA RD Unit B,BCA-103003,9/24/2021
799 CIENEGA RD Unit C,BCA-105115,3/4/2022
696 CIRCLE LN,BCA-105505,5/13/2022
1149 CLUB VIEW DR,BCA-104796,1/7/2022
1332 CLUB VIEW DR,BCA-103674,9/25/2021
1377 CLUB VIEW DR Unit 10,BCA-104180,11/18/2021
1377 CLUB VIEW DR Unit 4,BCA-102879,8/1/2021
1377 CLUBVIEW DR #31,BCA-103752,10/17/2021
1442 CLUBVIEW DR,BCA-105350,3/2/2022
43525 COLUSA DR,BCA-104044,12/16/2021
43653 COLUSA DR,BCA-103558,10/12/2021
39447 LAKE DR,BCA-104450,11/16/2021
39513 LAKE DR,BCA-104513,1/19/2022
39583 LAKE DR,BCA-103653,9/21/2021
39673 LAKE DR,BCA-103178,9/10/2021
482 LAKEVIEW CT,BCA-102616,7/9/2021
40123 LAKEVIEW DR,BCA-103119,7/9/2021
40177 LAKEVIEW DR,BCA-104087,11/16/2021
40178 LAKEVIEW DR,BCA-103976,11/27/2021
40181 LAKEVIEW DR,BCA-105172,3/12/2022
40202 LAKEVIEW DR,BCA-105432,3/15/2022
40205 LAKEVIEW DR,BCA-104336,11/9/2021
40265 LAKEVIEW DR,BCA-103372,10/17/2021
524 LAKEWOOD LN,BCA-104516,11/17/2021
41688 MC WHINNEY LN,BCA-103058,7/28/2021
41648 MCWHINNEY LN,BCA-103352,10/11/2021
43883 MENDOCINO DR,BCA-104969,2/9/2022
816 MENLO DR,BCA-105273,3/1/2022
864 MENLO DR,BCA-104868,9/26/2021
647 MERCED LN,BCA-105503,5/10/2022
41652 MOCKINGBIRD DR,BCA-102288,6/1/2021
700 MODESTO LN B,BCA-103397,8/27/2021
42772 MONTEREY ST,BCA-104884,2/13/2022
42804 MONTEREY ST,BCA-104589,12/2/2021
15 Dennison Ave.,BCA-102289,5/29/2021
42441 JUNIPER,BCA-102848,7/1/2021
42450 JUNIPER DR,BCA-102624,7/24/2021
42685 JUNIPER DR,BCA-104630,12/8/2021
924 KNICKERBOCKER,BCA-105149,3/6/2022
633 KNIGHT AVE,BCA-104912,2/7/2022
844 KNIGHT AVE,BCA-104573,12/1/2021
179 KNOLL RD,BCA-103822,10/26/2021
42534 LA CERENA,BCA-102660,6/1/2021
42541 LA CERENA AVE,BCA-104370,12/10/2021
798 NORTH STAR DR,BCA-105303,4/12/2022
409 NORTHERN CROSS DR,BCA-104442,11/16/2021
222 ORION WAY,BCA-104317,11/30/2021
42324 PARAMOUNT RD,BCA-104384,11/16/2021
541 GEORGIA ST,BCA-105000,1/25/2022
724 GEORGIA ST,BCA-102640,5/28/2021
403 GIBRALTER LN,BCA-103584,10/1/2021
40021 GLENVIEW RD,BCA-104517,11/29/2021
362 GLENWOOD DR,BCA-103765,10/24/2021
375 GLENWOOD DR,BCA-104176,12/5/2021
42599 GOLDRUSH RD,BCA-104321,11/15/2021
43413 RIDGECREST DR,BCA-102917,8/2/2021
43612 RIDGECREST DR,BCA-104267,11/30/2021
1439 ROCKSPRAY DR,BCA-104799,1/31/2022
1440 ROCKSPRAY CT,BCA-103143,8/8/2021
1456 ROCKSPRAY DR,BCA-103723,9/26/2021
274 EUREKA DR,BCA-103639,9/18/2021
764 S EUREKA DR,BCA-104816,7/26/2021
890 S EUREKA DR,BCA-102648,7/3/2021
42276 EVERGREEN DR,BCA-104377,12/17/2021
42949 FAIRY AVE,BCA-102277,6/24/2021
42683 FALCON AVE,BCA-104676,12/14/2021
381 FALLEN LEAF RD,BCA-102854,6/18/2021
42975 FALLS AVE,BCA-104107,12/13/2021
43023 FALLS AVE,BCA-105181,2/10/2022
43939 YOSEMITE DR,BCA-105343,3/3/2022
793 THRUSH DR,BCA-103746,10/10/2021
861 THRUSH DR 23,BCA-104006,11/26/2021
861 THRUSH DR #26,BCA-105069,3/19/2022
861 THRUSH DR #68,BCA-105050,3/19/2022
42427 TIOGA DR,BCA-105472,4/17/2022
755 TOMAHAWK DR,BCA-103411,10/16/2021
464 SHADY LN,BCA-103671,10/25/2021
43254 SHEEPHORN RD,BCA-103149,8/9/2021
43151 SHEEPHORN RD,BCA-103088,8/3/2021
43218 SHEEPHORN RD,BCA-102473,7/24/2021
43475 SHEEPHORN RD,BCA-103729,10/7/2021
580 SILVER TIP DR,BCA-103229,8/13/2021
768 SILVER TIP DR,BCA-104576,12/1/2021
118 SILVERPICK RD,BCA-104551,12/8/2021
738 SILVERTIP DR,BCA-105167,3/4/2022
788 SILVERTIP DR,BCA-103960,10/19/2021
40573 SIMONDS DR Unit 1,BCA-103442,8/13/2021
40592 SIMONDS DR Unit 1,BCA-104009,11/18/2021
433 DIXIE LN,BCA-102897,8/20/2021
338 DOVER LN,BCA-104156,12/28/2021
143 N EAGLE DR,BCA-102643,6/13/2021
151 S EAGLE DR,BCA-104217,12/1/2021
286 EAGLE DR,BCA-103048,9/14/2021
42717 EDELWEISS DR,BCA-104281,11/10/2021
630 SUMMIT BLVD,BCA-105401,3/14/2022
786 SUMMIT BLVD A,BCA-103637,9/18/2021
43050 SUNSET DR,BCA-103888,10/8/2021
43083 SUNSET DR,BCA-105434,3/16/2022
43109 SUNSET DR,BCA-104887,2/3/2022
43166 SUNSET DR,BCA-103703,10/16/2021
43172 SUNSET DR,BCA-104417,11/17/2021
41557 SWAN DR,BCA-103482,10/21/2021
41596 COMSTOCK LN,BCA-104039,11/6/2021
41755 COMSTOCK,BCA-103237,9/18/2021
42737 CONIFER DR,BCA-104067,11/3/2021
42745 CONIFER DR,BCA-103281,8/13/2021
668 CONKLIN RD,BCA-103904,10/29/2021
678 CONKLIN RD,BCA-104982,2/4/2022
788 CONKLIN RD,BCA-105211,2/16/2022
42585 CONSTELLATION,BCA-104208,11/4/2021
42646 CONSTELLATION,BCA-104187,11/22/2021
42730 CONSTELLATION,BCA-104233,11/5/2021
42701 Cougar Rd.,BCA-103655,11/28/2021
42738 COUGAR RD,BCA-104193,11/3/2021
42751 WILLOW AVE,BCA-104931,1/22/2022
42818 WILLOW AVE,BCA-104988,12/13/2021
42834 WILLOW AVE,BCA-103067,8/18/2021
38998 WILLOW LANDING,BCA-104697,1/6/2022
39030 WILLOW LANDING RD,BCA-102548,6/8/2021
43659 WOLF RD,BCA-104078,11/13/2021
43809 WOLF RD,BCA-103881,11/2/2021
317 WREN AVE,BCA-102543,5/29/2021
43722 YOSEMITE DR,BCA-103420,10/24/2021
43747 YOSEMITE DR,BCA-104420,11/17/2021
1251 LASSEN DR,BCA-105103,1/27/2022
1467 LASSEN DR,BCA-104690,1/15/2022
716 MAIN ST,BCA-104906,1/11/2022
710 MARIN RD,BCA-102819,8/21/2021
41431 MC WHINNEY LN,BCA-105169,3/13/2022
42580 LA CERENA AVE,BCA-102918,7/29/2021
42714 LA CERENA AVE,BCA-105097,2/23/2022
42807 LA CERENA AVE,BCA-104033,11/5/2021
42609 LA PLACIDA AVE,BCA-104425,11/14/2021
42617 LA PLACIDA AVE,BCA-104211,11/15/2021
42663 LA PLACIDA AVE,BCA-102758,8/2/2021
42816 MONTEREY,BCA-103706,9/13/2021
43005 MONTEREY ST,BCA-105094,2/1/2022
42988 MOONRIDGE RD,BCA-103673,9/24/2021
43130 MOONRIDGE RD,BCA-104387,12/18/2021
445 MORNINGSTAR DR,BCA-103880,11/4/2021
364 MOUNTAINAIRE (Rear Unit),BCA-103023,9/26/2021
43121 GRIZZLY RD,BCA-103519,10/19/2021
516 HIGHLAND RD,BCA-103453,8/30/2021
39978 HILLCREST DR,BCA-104068,12/9/2021
40020 HILLCREST DR,BCA-104532,11/30/2021
40031 HILLCREST,BCA-104780,2/10/2022
256 Lagunita Ln Unit A & B,BCA-101295,5/28/2021
120 Lagunita Ln,BCA-102826,6/17/2021
42958 Falls Ave,BCA-105023,1/24/2022
41785 SWITZERLAND #B,BCA-103248,8/13/2021
722 SUMMIT BLVD Unit B,BCA-103408,8/28/2021
422 Quail Dr,BCA-103324,8/20/2021
42340 Juniper Dr,BCA-103508,9/12/2021
42625 Avalon Rd,BCA-105203,2/11/2022
569 Summit Blvd #4,BCA-104432,11/18/2021
39262 Willow Landing,BCA-104815,1/8/2022
42765 Cougar Rd,BCA-102864,6/30/2021
203 ALP CT,BCA-104258,11/25/2021
216 ALP CT,BCA-102778,6/24/2021
42504 ALTA VISTA AVE,BCA-104851,1/16/2022
42639 ALTA VISTA AVE,BCA-104521,11/10/2021
42671 ALTA VISTA DR,BCA-102874,6/7/2021
299 ANDES LN,BCA-102751,8/6/2021
892 ANDREW LN,BCA-103718,10/10/2021
435 ARROYO DR,BCA-103463,10/3/2021
1213 ASPEN DR,BCA-104251,11/6/2021
39326 AURORA RD,BCA-104506,12/4/2021
42444 AVALON RD,BCA-103815,10/16/2021
1307 BALSAM DR,BCA-103150,7/19/2021
42611 PEREGRINE,BCA-104355,12/7/2021
42644 PEREGRINE AVE,BCA-103448,8/13/2021
892 PINE KNOT AVE,BCA-103134,7/26/2021
43115 PLYMOUTH RD,BCA-104102,10/28/2021
636 PONDEROSA DR,BCA-103616,9/18/2021
174 FINCH DR,BCA-103120,7/9/2021
41010 FOOTHILL LN,BCA-104699,12/15/2021
39662 FOREST,BCA-104084,11/15/2021
39776 FOREST RD,BCA-103016,7/21/2021
39957 FOREST RD,BCA-103492,9/4/2021
40059 FOREST RD,BCA-103349,8/31/2021
40067 FOREST RD,BCA-104103,10/28/2021
42175 FOX FARM RD,BCA-105357,4/19/2022
41733 TANAGER DR,BCA-103371,10/17/2021
41750 TANAGER DR,BCA-103511,9/5/2021
108 TEAKWOOD DR,BCA-104477,1/30/2022
755 TEHAMA DR,BCA-104106,12/2/2021
451 TEMPLE LN,BCA-104762,12/30/2021
518 TEMPLE LN,BCA-104925,2/7/2022
637 TEMPLE LN,BCA-103373,10/9/2021
419 TENNESSEE LN,BCA-104538,1/28/2022
473 TENNESSEE LN,BCA-104527,10/24/2021
132 ROUND DR,BCA-104567,12/19/2021
649 ST MORITZ DR,BCA-104093,11/9/2021
746 SAINT MORITZ DR,BCA-103798,11/15/2021
1257 SAND CANYON CT,BCA-105281,4/20/2022
43189 SAND CANYON RD,BCA-104344,11/15/2021
43727 SAND CANYON RD,BCA-104118,11/19/2021
243 SANTA CLARA BLVD,BCA-104642,12/8/2021
372 SCANDIA RD,BCA-105311,3/15/2022
430 SHADY LN,BCA-105330,3/2/2022
42810 ENCINO RD,BCA-104827,1/12/2022
42929 ENCINO RD,BCA-104297,11/12/2021
42936 ENCINO RD,BCA-103457,8/21/2021
43025 ENCINO RD,BCA-102527,6/15/2021
40147 ESTERLY LN,BCA-103449,8/13/2021
40194 ESTERLY LN,BCA-103892,10/8/2021
193 N EUREKA DR,BCA-104406,12/2/2021
42736 SONOMA DR,BCA-103543,9/14/2021
646 SPRUCE RD,BCA-103689,10/3/2021
664 SPRUCE RD,BCA-105235,3/29/2022
674 SPRUCE RD,BCA-103450,8/14/2021
605 ST MORITZ DR,BCA-105385,3/13/2022
488 STARLIGHT CIR,BCA-103387,8/26/2021
100 S STARVATION FLATS,BCA-105142,11/12/2021
39112 STARVIEW LN,BCA-105029,1/28/2022
671 COVE DR,BCA-103679,10/21/2021
367 CRATER LAKE RD,BCA-103441,8/7/2021
429 CRATER LAKE RD,BCA-104081,11/14/2021
802 CRESTWOOD DR,BCA-104599,12/4/2021
363 CRYSTAL LAKE RD,BCA-104872,1/10/2022
470 CRYSTAL LAKE RD,BCA-102583,6/25/2021
508 VISTA LN,BCA-104066,12/12/2021
576 VISTA LN,BCA-104619,12/7/2021
38799 WATERVIEW DR,BCA-103899,10/2/2021
38841 WATERVIEW DR,BCA-104393,12/18/2021
38928 WATERVIEW DR,BCA-104852,11/21/2021
42568 WILLOW AVE,BCA-105384,3/27/2022
42601 WILLOW AVE,BCA-103135,6/26/2021
41631 BROWNIE LN #116,BCA-104212,11/20/2021
1308 BUFFALO CT,BCA-104992,2/27/2022
777 CAMERON,BCA-104761,12/29/2021
861 CAMERON DR,BCA-104743,1/3/2022
43846 CANYON CREST DR,BCA-102931,7/10/2021
834 BIRCH ST (AKA 832),BCA-103567,10/4/2021
860 BIRCH ST,BCA-104236,11/5/2021
463 BLUE JAY LN,BCA-103501,9/4/2021
760 Blue Jay Rd Unit 3,BCA-102656,6/22/2021
760 BLUE JAY RD UNIT 39,BCA-104485,11/8/2021
760 BLUE JAY RD UNIT 45,BCA-103618,9/18/2021
40221 BONITA LN,BCA-103945,10/16/2021
741 BOULDER BAY CT,BCA-104173,12/16/2021
43580 BOW CANYON DR,BCA-104927,2/24/2022
43598 BOW CANYON DR,BCA-103950,10/19/2021
43410 BOW CANYON RD,BCA-105129,2/4/2022
430 CATALINA RD,BCA-104822,1/8/2022
439 CATALINA RD,BCA-104718,1/17/2022
42674 CEDAR AVE,BCA-104845,1/13/2022
447 CIENEGA RD,BCA-102568,6/11/2021
549 CIENEGA RD,BCA-102792,6/28/2021
40565 BIG BEAR BLVD Unit A,BCA-103829,9/23/2021
1334 BALSAM DR,BCA-103234,9/4/2021
1363 BALSAM RD,BCA-103303,8/19/2021
43100 BEAR CREEK CT,BCA-103512,9/26/2021
1124 SYLVAN GLEN,BCA-103883,10/31/2021
1132 SYLVAN GLEN,BCA-103474,10/7/2021
1168 SYLVAN GLEN,BCA-104571,12/20/2021
667 TALMADGE RD,BCA-104793,10/5/2021
696 TALMADGE RD,BCA-104302,11/11/2021
775 TAMARACK LANDING,BCA-103140,8/5/2021
662 CIENEGA RD,BCA-102895,7/16/2021
681 CIENEGA RD Unit B,BCA-105185,11/15/2021
858 CLUB VIEW DR,BCA-104864,1/31/2022
43496 COLUSA DR,BCA-103456,8/25/2021
511 LAKEVIEW CT,BCA-103772,10/30/2021
40063 LAKEVIEW DR,BCA-102639,6/8/2021
40280 LAKEVIEW DR,BCA-105339,3/3/2022
39802 LAKEVIEW #28,BCA-103027,7/17/2021
41573 MCWHINNEY LN,BCA-104531,11/30/2021
41632 MCWHINNEY LN,BCA-103893,10/24/2021
853 MENLO DR,BCA-104270,11/30/2021
41571 MOCKINGBIRD DR,BCA-105016,1/16/2022
661 MODOC DR,BCA-104460,1/7/2022
450 JEFFRIES RD,BCA-104549,12/4/2021
42628 JUNIPER DR,BCA-104271,11/30/2021
42672 JUNIPER DR,BCA-103966,11/1/2021
653 KNIGHT AVE,BCA-105002,1/2/2022
693 KNIGHT AVE,BCA-104671,11/23/2021
195 KNOLL RD,BCA-104282,10/25/2021
41487 OAK ST,BCA-103624,9/15/2021
41497 OAK ST,BCA-104257,11/8/2021
39981 OHIO LN,BCA-104543,1/17/2022
239 OLYMPIC RD,BCA-104838,1/14/2022
167 ORIOLE DR,BCA-103521,8/6/2021
211 ORION WY,BCA-105289,3/19/2022
42356 PARAMOUNT DR,BCA-105490,4/7/2022
42368 PARAMOUNT RD,BCA-103514,8/22/2021
41692 PARK AVE,BCA-104292,11/10/2021
563 GEORGIA ST,BCA-103194,9/17/2021
611 GEORGIA ST,BCA-102552,6/20/2021
810 GEORGIA ST,BCA-104320,11/30/2021
834 GEORGIA ST,BCA-102281,6/26/2021
394 GLENWOOD DR,BCA-102507,6/15/2021
42438 GOLDEN OAK RD,BCA-104272,11/30/2021
570 GOLDEN WEST DR,BCA-104119,11/19/2021
634 GOLDEN WEST DR,BCA-103188,8/7/2021
709 GOLDENWEST DR,BCA-104449,1/4/2022
42642 GOLDRUSH,BCA-105199,2/25/2022
42749 GOLDRUSH DR,BCA-103690,9/25/2021
863 RAVINE RD,BCA-103833,11/16/2021
43682 RIDGECREST DR,BCA-103766,10/25/2021
43556 RIDGECREST DR,BCA-103499,12/7/2021
1464 ROCKSPRAY DR,BCA-104578,12/3/2021
319 EUREKA DR,BCA-104871,7/24/2021
753 EUREKA DR,BCA-103796,10/1/2021
774 EUREKA DR,BCA-105414,4/9/2022
41931 EVERGREEN DR,BCA-104138,11/12/2021
42109 EVERGREEN DR,BCA-104687,1/7/2022
391 FELDSTRASSE DR,BCA-105098,1/22/2022
625 THRUSH AVE,BCA-104300,11/12/2021
861 THRUSH #48,BCA-103830,10/8/2021
40062 Trl of the Whispering Pines,BCA-102809,6/26/2021
572 VAIL LN,BCA-103129,8/5/2021
43557 SHASTA PL,BCA-103890,10/8/2021
43490 SHEEPHORN DR,BCA-103858,10/9/2021
825 SILVER TIP DR,BCA-104580,12/1/2021
585 SILVERTIP DR,BCA-104293,11/10/2021
780 DELAMAR DR,BCA-103156,9/11/2021
42592 DONEZ WY,BCA-102839,7/10/2021
40203 DREAM ST,BCA-104470,12/12/2021
158 EAGLE DR,BCA-105237,3/26/2022
42848 EAGLE FLIGHT PL,BCA-104643,12/8/2021
42252 EAGLE RIDGE DR,BCA-103348,11/7/2021
42336 EAGLE RIDGE DR,BCA-104550,12/6/2021
255 ECHO HILL RD,BCA-104693,1/7/2022
114 STONY CREEK DR,BCA-103018,8/21/2021
569 SUMMIT BLVD 12,BCA-104727,1/31/2022
569 SUMMIT BLVD #6,BCA-105006,3/9/2022
655 SUMMIT BLVD Unit B,BCA-103483,10/27/2021
795 SUMMIT BLVD Unit 2,BCA-102546,6/26/2021
795 SUMMIT BLVD Unit 4,BCA-104014,11/18/2021
"43165 SUNSET DR (parking issue, cannot",,
renew),BCA-103195,8/11/2021
43202 SUNSET DR,BCA-103455,8/21/2021
787 SWITZERLAND PL,BCA-105080,2/6/2022
41728 SWITZERLAND DR,BCA-104979,1/25/2022
41829 SWITZERLAND DR,BCA-103350,8/24/2021
41935 SWITZERLAND #101,BCA-103745,11/20/2021
41935 SWITZERLAND #106,BCA-105089,2/13/2022
41664 COMSTOCK LN,BCA-103252,8/6/2021
42741 CONIFER DR,BCA-103459,9/3/2021
42786 CONIFER DR,BCA-104998,2/11/2022
779 CONKLIN RD,BCA-104881,2/14/2022
879 CONKLIN RD,BCA-104215,10/26/2021
42649 CONSTELLATION,BCA-103244,9/27/2021
42678 COUGAR RD,BCA-104752,1/17/2022
42753 COUGAR,BCA-104973,2/19/2022
42817 WILLOW AVE,BCA-104685,1/4/2022
42825 WILLOW AVE,BCA-103484,10/27/2021
39209 WILLOW LANDING RD #1,BCA-103710,11/9/2021
39209 WILLOW LANDING RD #2,BCA-103354,9/25/2021
39214 WILLOW LANDING (front),BCA-103485,10/27/2021
711 WINTERSET CT,BCA-103812,10/6/2021
43669 WOLF RD,BCA-104416,11/17/2021
43863 WOLF RD,BCA-103328,10/31/2021
568 WREN DR,BCA-103819,10/21/2021
43651 YOSEMITE DR,BCA-102256,6/19/2021
43766 YOSEMITE DR,BCA-104525,12/11/2021
43850 YOSEMITE DR,BCA-103228,8/13/2021
1294 LASSEN DR,BCA-104162,10/31/2021
1391 LASSEN DR,BCA-104304,10/1/2021
663 LINTNER RD,BCA-103329,8/20/2021
40229 MAHANOY LN,BCA-103579,9/16/2021
40230 MAHANOY LN,BCA-103266,9/13/2021
40266 MAHANOY LN,BCA-105213,2/17/2022
682 MAIN ST,BCA-103632,9/2/2021
758 MARIN RD,BCA-105382,3/6/2022
780 MARIN RD,BCA-104582,10/30/2021
792 MARIN RD,BCA-104413,11/17/2021
42658 LA CERENA AVE,BCA-103783,10/2/2021
42672 LA CERENA AVE,BCA-102650,6/24/2021
42534 LA PLACIDA AVE,BCA-104473,12/7/2021
42649 LA PLACIDA AVE,BCA-104133,11/29/2021
42675 LA PLACIDA AVE,BCA-103432,8/27/2021
42676 LA PLACIDA AVE,BCA-103039,7/23/2021
42679 LA PLACIDA,BCA-103431,8/30/2021
117 LAGUNITA LN,BCA-103698,11/27/2021
42819 MONTEREY ST,BCA-102671,7/16/2021
42827 MONTEREY ST,BCA-105328,2/25/2022
42871 MONTEREY ST,BCA-105399,6/1/2021
42929 MONTEREY ST,BCA-103642,9/27/2021
43021 MONTEREY ST,BCA-104502,12/13/2021
43088 MONTEREY ST,BCA-104977,2/25/2022
813 MOUNTAIN SKY,BCA-104378,12/6/2021
343 MOUNTAINAIRE LN,BCA-103677,10/7/2021
791 MOUNTAIN SKY DR,BCA-103494,10/17/2021
792 Mountain Sky Dr.,BCA-102658,6/19/2021
40195 GUINAN LN,BCA-103416,10/17/2021
42846 HAWK DR,BCA-104858,1/14/2022
42859 HAWK DR,BCA-103516,9/9/2021
659 HIGHLAND RD,BCA-104232,11/5/2021
861 HIGHLAND LN,BCA-104003,11/21/2021
39965 HILLCREST DR,BCA-104368,12/27/2021
880 JAYBIRD LN,BCA-103785,11/15/2021
539 LAKEWOOD LN Unit B,BCA-105123,3/4/2022
41790 BROWNIE LN Unit 2,BCA-103931,11/19/2021
1362 CLUB VIEW DR Unit 2,BCA-103309,7/29/2021
692 Poppy Way,BCA-105159,3/18/2022
806 Summit Blvd Unit B,BCA-103635,9/18/2021
42925 Sunset Dr.,BCA-102975,8/19/2021
42538 La Placida Ave,BCA-103697,11/1/2021
948 Elk Rd.,BCA-104905,1/20/2022
42647 ALTA VISTA,BCA-105222,2/19/2022
889 ANDREW LN,BCA-104511,1/23/2022
443 ARROYO DR,BCA-103669,10/25/2021
1214 ASPEN DR,BCA-103158,8/19/2021
41171 PENNSYLVANIA,BCA-104733,1/3/2022
41245 PENNSYLVANIA,BCA-104472,12/17/2021
42565 PEREGRINE AVE,BCA-102523,6/3/2021
42665 PEREGRINE AVE,BCA-105504,5/20/2022
42751 PEREGRINE AVE,BCA-103873,10/28/2021
43130 PLYMOUTH RD,BCA-103415,10/7/2021
651 PONDEROSA DR,BCA-104541,11/30/2021
195 FINCH DR,BCA-103001,8/13/2021
863 FORD LN,BCA-105004,10/3/2021
39863 FOREST RD,BCA-103032,8/29/2021
39994 FOREST RD,BCA-104769,1/19/2022
42577 FOX FARM RD,BCA-102763,6/22/2021
41706 TANAGER DR,BCA-104085,11/15/2021
102 N TEAKWOOD,BCA-102492,7/3/2021
138 TEAKWOOD DR,BCA-103446,8/12/2021
224 TEAKWOOD DR,BCA-103109,8/10/2021
760 TEHAMA DR,BCA-103320,8/20/2021
816 TEHAMA DR,BCA-103251,8/14/2021
468 TEMPLE LN,BCA-105130,8/11/2021
428 TENNESSEE LN,BCA-104895,2/13/2022
186 ROUND DR,BCA-104463,11/23/2021
39414 RUBY LN,BCA-104011,11/18/2021
783 SAINT MORITZ DR,BCA-104907,1/21/2022
1267 SAN PASQUAL DR,BCA-104244,11/10/2021
43201 SAND CANYON RD,BCA-103340,10/26/2021
43230 SAND CANYON RD,BCA-103926,10/14/2021
43275 SAND CANYON RD (sewer issue,,
11/29/20 on hold for rentals per Jim),BCA-103184,9/22/2021
431 SANTA CLARA BLVD,BCA-104052,10/20/2021
222 SCANDIA RD,BCA-105395,3/8/2022
329 SCANDIA RD,BCA-103692,11/28/2021
710 ELM ST,BCA-103024,9/20/2021
42912 ENCINO RD,BCA-103758,10/21/2021
43078 ENCINO RD,BCA-103051,9/9/2021
40180 ESTERLY LN,BCA-104380,11/23/2021
149 EUREKA DR,BCA-103148,9/4/2021
1146 SISKIYOU DR,BCA-104545,1/21/2022
850 SKY HIGH DR,BCA-103191,9/25/2021
896 SKY HIGH DR,BCA-103974,10/15/2021
861 Thrush Dr #12,BCA-105067,3/19/2022
746 SNOWBIRD CT,BCA-103915,10/14/2021
42131 SNOWMASS LN,BCA-104041,11/9/2021
42628 SONOMA DR,BCA-104198,11/14/2021
42726 SONOMA DR,BCA-104684,1/12/2022
360 STARLIGHT CIR,BCA-104183,11/19/2021
782 COVE DR,BCA-103583,9/16/2021
419 CRATER LAKE RD,BCA-104338,11/11/2021
425 CRATER LAKE RD,BCA-105030,2/16/2022
124 CRYSTAL LAKE RD,BCA-102569,6/12/2021
43243 DEER CANYON RD,BCA-104785,2/17/2022
529 VISTA LN,BCA-102957,7/13/2021
524 WANITA LN,BCA-103480,10/21/2021
527 WANITA LN,BCA-104007,11/20/2021
42539 WILLOW AVE,BCA-102686,7/13/2021
42680 WILLOW AVE,BCA-104831,1/24/2022
41764 BROWNIE LN Unit 3,BCA-103823,10/6/2021
42133 BROWNIE LN,BCA-103333,8/22/2021
749 CAMERON DR,BCA-105405,3/9/2022
785 CAMERON DR,BCA-103406,6/27/2021
819 CAMERON,BCA-104451,10/25/2021
43752 CANYON CREST DR,BCA-103581,9/16/2021
43767 CANYON CREST DR,BCA-103964,10/16/2021
42274 CASTLE CRAG RD,BCA-102790,8/18/2021
392 CATALINA RD,BCA-104647,12/8/2021
268 BLUEBIRD CT,BCA-105373,4/4/2022
40264 BONITA LN,BCA-103369,10/17/2021
43386 BOW CANYON RD,BCA-103353,9/26/2021
43466 BOW CANYON DR,BCA-102592,6/12/2021
43532 BOW CANYON RD,BCA-104725,1/4/2022
43601 BOW CANYON RD,BCA-104760,1/31/2022
43602 BOW CANYON LN,BCA-104862,12/13/2021
493 CATALINA RD,BCA-103358,8/1/2021
513 CATALINA RD,BCA-103836,10/8/2021
520 CATALINA RD,BCA-103780,11/15/2021
530 CATALINA RD,BCA-104847,11/5/2021
42547 CEDAR AVE,BCA-104422,11/18/2021
857 Fir St,BCA-104518,11/29/2021
42798 CEDAR AVE,BCA-105225,2/19/2022
40742 CHERRY LN,BCA-105093,1/28/2022
422 CHICKADEE DR,BCA-103695,9/21/2021
447 CHIPMUNK LN,BCA-105288,2/25/2022
40670 BIG BEAR BLVD UNIT 3,BCA-103060,7/28/2021
40670 BIG BEAR BLVD UNIT 6,BCA-105228,2/22/2022
40705 BIG BEAR BLVD,BCA-105367,4/29/2022
1340 BALSAM DR,BCA-103592,10/7/2021
1354 BALSAM DR,BCA-103515,7/5/2021
43090 BEAR CREEK CT,BCA-104379,10/28/2021
1173 BEAR MEADOWS LN,BCA-105259,2/5/2022
1185 BEAR MEADOWS LN,BCA-102233,6/12/2021
38665 BIG BEAR BLVD,BCA-105190,2/22/2022
41935 SWITZERLAND #127,BCA-104437,11/5/2021
41935 SWITZERLAND #23,BCA-104542,1/4/2022
41935 SWITZERLAND #65,BCA-103839,10/7/2021
41935 SWITZERLAND #73,BCA-103073,9/20/2021
41935 SWITZERLAND #67,BCA-104166,12/4/2021
41935 SWITZERLAND #5,BCA-105042,3/20/2022
1120 SYLVAN GLEN (loft ok see notes),BCA-104865,1/29/2022
41688 TAHOE DR,BCA-104915,2/28/2022
38697 TALBOT DR,BCA-102775,6/23/2021
618 TALMADGE RD,BCA-104219,10/5/2021
746 TALMADGE RD,BCA-104510,1/31/2022
41941 TAMARACK DR,BCA-104434,9/26/2021
681 CIENEGA RD Unit C,BCA-105244,1/31/2022
699 CIENEGA RD Unit C,BCA-103523,9/11/2021
755 CIENEGA RD Unit C,BCA-104986,1/26/2022
1190 CLUBVIEW DR,BCA-102737,6/18/2021
43575 COLUSA DR,BCA-104566,12/18/2021
43791 COLUSA DR,BCA-103768,10/26/2021
39510 LAKE DR,BCA-104710,12/23/2021
39526 LAKE DR,BCA-103488,9/3/2021
40190 LAKEVIEW DR,BCA-103400,10/19/2021
39802 LAKEVIEW UNIT 12,BCA-102755,6/22/2021
39802 LAKEVIEW UNIT 26,BCA-102761,6/22/2021
546 LAKEWOOD LN,BCA-104122,11/16/2021
561 LAKEWOOD DR,BCA-104053,10/23/2021
598 LANDLOCK LANDING,BCA-103776,10/14/2021
839 MENLO DR,BCA-104562,12/14/2021
861 MENLO DR,BCA-103470,10/3/2021
42738 JUNIPER DR,BCA-103384,10/10/2021
975 KNICKERBOCKER,BCA-103319,8/27/2021
335 NORTHERN CROSS DR,BCA-104151,10/28/2021
39975 OHIO LN,BCA-103050,9/7/2021
354 OLYMPIC DR,BCA-103971,10/24/2021
132 ORIOLE DR,BCA-104607,11/13/2021
199 ORIOLE DR,BCA-104832,1/12/2022
298 ORIOLE DR,BCA-104983,1/26/2022
754 ORIOLE DR,BCA-105192,11/6/2021
844 ORIOLE DR,BCA-104046,11/5/2021
241 ORION WY,BCA-104739,12/29/2021
39273 PEAK LN,BCA-105345,3/4/2022
449 GEORGIA ST,BCA-104999,1/25/2022
817 GEORGIA ST,BCA-103734,10/17/2021
864 GEORGIA ST,BCA-103065,7/28/2021
39999 GLENVIEW RD,BCA-103454,8/21/2021
42402 GOLDEN OAK RD,BCA-102448,6/7/2021
42411 GOLDEN OAK RD,BCA-104363,12/18/2021
42456 GOLDEN OAK RD,BCA-103731,10/7/2021
575 GOLDEN WEST DR,BCA-103029,9/18/2021
763 GOLDEN WEST DR,BCA-103418,9/20/2021
43067 GOLDMINE WOODS LN,BCA-103660,9/23/2021
43378 PRIMROSE DR,BCA-105304,3/26/2022
862 RAVINE RD,BCA-103213,8/13/2021
43360 RIDGE CREST DR,BCA-104260,11/27/2021
43517 RIDGECREST DR,BCA-104771,1/4/2022
43548 RIDGECREST DR,BCA-104097,10/20/2021
43685 RIDGECREST DR.,BCA-104764,12/30/2021
1403 ROCKSPRAY DR,BCA-102813,7/16/2021
1432 ROCKSPRAY DR,BCA-103801,11/27/2021
1477 ROCKSPRAY DR,BCA-102960,7/29/2021
42293 EVERGREEN DR,BCA-103925,10/22/2021
1118 Club View Dr,BCA-104388,11/8/2021
43876 YOSEMITE DR,BCA-103719,9/26/2021
43911 YOSEMITE DR,BCA-104467,11/23/2021
685 THRUSH DR,BCA-102816,8/19/2021
861 THRUSH DR 33,BCA-103681,11/17/2021
41687 THRUSH CT,BCA-105027,3/24/2022
861 THRUSH Unit 3,BCA-105394,3/8/2022
861 THRUSH Unit 5,BCA-105087,2/2/2022
369 TYROL LN,BCA-104621,12/7/2021
43303 SHASTA RD,BCA-104641,12/8/2021
43397 SHASTA RD,BCA-105144,2/8/2022
43342 SHEEPHORN DR,BCA-104202,11/21/2021
43433 SHEEPHORN RD,BCA-105361,4/26/2022
43280 SHEEPHORN RD,BCA-103265,8/17/2021
43397 SHEEPHORN RD,BCA-103053,9/13/2021
43411 SHEEPHORN RD,BCA-103021,8/2/2021
43458 SHEEPHORN RD,BCA-104074,10/25/2021
641 SILVER TIP WY,BCA-102888,8/13/2021
568 SILVERTIP DR,BCA-105191,2/11/2022
40577 SIMONDS DR,BCA-105071,1/29/2022
42948 DOGWOOD DR,BCA-103825,11/9/2021
219 EAGLE DR,BCA-102190,5/30/2021
42324 EAGLE RIDGE DR,BCA-104749,1/13/2022
41398 EASTWOOD RD,BCA-104395,12/18/2021
42734 EDELWEISS DR,BCA-104132,11/14/2021
294 EDGEMOOR RD,BCA-103923,10/15/2021
319 EDGEMOOR RD,BCA-103626,9/20/2021
115 STONY CREEK RD,BCA-104086,11/15/2021
127 STONY CREEK RD,BCA-104023,11/8/2021
569 SUMMIT BLVD 9,BCA-103767,10/26/2021
569 SUMMIT BLVD UNIT 3,BCA-103356,8/24/2021
667 SUMMIT BLVD Unit 3,BCA-105165,3/20/2022
743 SUMMIT BLVD,BCA-103185,9/23/2021
745 SUMMIT DR,BCA-104259,11/27/2021
42930 SUNSET DR,BCA-104891,1/10/2022
42964 SUNSET DR,BCA-103476,10/7/2021
42968 SUNSET DR,BCA-103554,9/15/2021
43061 SUNSET DR,BCA-105209,2/16/2022
43075 SUNSET DR,BCA-104362,12/15/2021
43116 SUNSET DR,BCA-104144,12/27/2021
43203 SUNSET DR,BCA-103956,11/1/2021
41741 SWITZERLAND DR,BCA-103121,7/15/2021
41935 SWITZERLAND #109,BCA-105044,3/20/2022
42792 CONIFER DR,BCA-104592,12/3/2021
42798 CONIFER DR,BCA-103855,10/8/2021
42804 CONIFER DR,BCA-103005,9/30/2021
42590 CONSTELLATION,BCA-103230,8/13/2021
42697 COUGAR RD,BCA-102896,7/30/2021
42758 COUGAR RD,BCA-102227,6/2/2021
42806 COUGAR RD,BCA-104015,11/16/2021
42722 WILLOW AVE,BCA-103127,7/18/2021
751 WINTERSET CT,BCA-104557,12/11/2021
43785 WOLF RD,BCA-103075,9/26/2021
1200 WOLF CREEK CT,BCA-104313,11/12/2021
652 WREN DR,BCA-102783,6/23/2021
43790 YOSEMITE DR,BCA-103838,11/7/2021
43791 YOSEMITE DR,BCA-102610,7/1/2021
670 MAIN ST,BCA-104349,12/15/2021
715 MARIN RD,BCA-105454,3/18/2022
42554 LA CERENA AVE,BCA-104910,1/21/2022
42628 LA CERENA AVE,BCA-103462,10/4/2021
42645 LA CERENA DR,BCA-104669,11/30/2021
42778 LA CERENA AVE,BCA-103619,9/18/2021
41390 LAHONTAN DR,BCA-104478,10/4/2021
42832 MONTEREY ST,BCA-105141,8/20/2021
42895 MONTEREY RD,BCA-105396,3/8/2022
43059 MONTEREY ST,BCA-102969,8/17/2021
42527 MOONRIDGE RD Unit 1,BCA-104911,1/21/2022
43002 MOONRIDGE RD,BCA-104124,11/22/2021
43034 MOONRIDGE RD,BCA-104266,11/30/2021
43126 MOONRIDGE RD,BCA-103680,9/25/2021
43135 MOONRIDGE RD,BCA-103513,10/8/2021
43240 MOONRIDGE RD,BCA-104154,11/1/2021
141 MOUNTAIN LAKE RD,BCA-105157,3/4/2022
423 MOUNTAINAIRE LN,BCA-104021,11/9/2021
812 MOUNTAIN SKY DR,BCA-104403,12/5/2021
40168 NARROW LN,BCA-103197,8/11/2021
38933 NORTH BAY RD,BCA-105302,4/8/2022
38961 NORTH BAY RD,BCA-104616,1/4/2022
43113 GRIZZLY RD,BCA-103538,9/11/2021
843 HIGHLAND LN,BCA-104479,10/10/2021
855 HIGHLAND LN,BCA-104606,12/4/2021
40156 HIGHLAND RD,BCA-102871,7/23/2021
40137 HILLCREST DR,BCA-104273,11/9/2021
224 HOUSTON CT,BCA-103946,10/16/2021
41604 HUMMINGBIRD LN,BCA-103614,9/15/2021
40570 IRONWOOD DR,BCA-105075,3/16/2022
1352 CLUB VIEW DR Unit B,BCA-103306,7/29/2021
1352 CLUB VIEW DR Unit C,BCA-103307,7/29/2021
764 SUMMIT Unit B,BCA-103935,10/8/2021
41785 SWITZERLAND # D,BCA-103250,8/13/2021
605 San Gorgonio Dr,BCA-102598,5/30/2021
855 Conklin Rd,BCA-104689,1/15/2022
42651 La Placida Ave (front unit),BCA-103569,9/16/2021
1288 Club View Dr #103,BCA-103991,10/15/2021
42598 Falcon Ave,BCA-104109,8/28/2021
1291 Siskiyou Dr,BCA-104481,11/18/2021
42703 ALTA VISTA AVE,BCA-105111,2/2/2022
429 ARROYO DR,BCA-103649,9/21/2021
1242 ASPEN DR,BCA-104691,12/16/2021
42401 AVALON RD,BCA-102849,7/1/2021
535 BADGER Unit #533,BCA-102817,8/12/2021
558 BADGER LN,BCA-105001,1/27/2022
1283 BALSAM DR,BCA-103243,9/26/2021
42560 PEGASUS WY,BCA-103658,9/17/2021
42561 PEREGRINE,BCA-105099,2/2/2022
42551 PEREGRINE AVE,BCA-102501,7/28/2021
42655 PEREGRINE AVE,BCA-104886,2/11/2022
786 PINE KNOT AVE,BCA-102276,6/12/2021
178 PINECREST DR,BCA-105377,4/27/2022
582 PONDEROSA DR,BCA-104366,12/5/2021
41022 FOOTHILL LN,BCA-104030,11/3/2021
885 FORD LN,BCA-103475,10/7/2021
39781 FOREST RD,BCA-104917,2/24/2022
39795 FOREST RD,BCA-104902,1/20/2022
39799 FOREST RD,BCA-103995,10/22/2021
39866 FOREST DR,BCA-104356,12/9/2021
40027 FOREST RD,BCA-105234,3/17/2022
40041 FOREST RD,BCA-104547,1/25/2022
40071 FOREST RD,BCA-102855,8/8/2021
40081 FOREST RD,BCA-102901,7/7/2021
42455 FOX FARM RD,BCA-104256,7/5/2021
40064 FRANCIS WY,BCA-104062,10/26/2021
615 TEMPLE LN,BCA-104405,12/2/2021
451 TENNESSEE LN,BCA-103300,7/26/2021
41223 TERRAPIN RD,BCA-102579,6/20/2021
808 RUEDA LN,BCA-104247,12/5/2021
764 SAINT MORITZ DR,BCA-103141,8/5/2021
1272 SAN PASQUAL DR,BCA-104794,1/6/2022
43213 SAND CANYON RD,BCA-103223,9/11/2021
43295 SAND CANYON RD,BCA-104013,11/18/2021
43431 SAND CANYON RD,BCA-104091,9/11/2021
43706 SAND CANYON RD,BCA-102829,6/17/2021
368 SANTA CLARA BLVD,BCA-104639,12/8/2021
338 SCANDIA RD,BCA-104146,12/3/2021
799 EDGEMOOR RD,BCA-103052,9/12/2021
815 EDGEMOOR,BCA-104047,11/5/2021
880 EDGEMOOR RD,BCA-104526,11/30/2021
658 Elm St.,BCA-104305,11/27/2021
700 ELM ST,BCA-104837,1/17/2022
742 ELM ST,BCA-103997,11/7/2021
42919 ENCINO RD,BCA-103370,10/10/2021
40179 ESTERLY LN,BCA-103118,7/9/2021
1197 SISKIYOU DR,BCA-105301,3/30/2022
828 SKY HIGH DR,BCA-104755,1/22/2022
39831 SNOWBALL LN,BCA-104063,12/1/2021
42103 SNOWMASS LN,BCA-104505,12/4/2021
42788 SONOMA DR,BCA-104729,12/27/2021
42859 SONOMA,BCA-103066,7/29/2021
691 SPRUCE RD,BCA-104307,11/12/2021
598 ST ANTON CT,BCA-104076,10/25/2021
637 ST MORITZ DR,BCA-104455,11/21/2021
681 ST. MORITZ DR,BCA-104997,1/26/2022
399 STARLIGHT CIR,BCA-102396,5/31/2021
701 COVE DR,BCA-103560,10/1/2021
721 COVE DR,BCA-105217,3/12/2022
621 CRESTWOOD DR,BCA-103565,10/9/2021
764 CRESTWOOD DR,BCA-104797,1/6/2022
821 CRESTWOOD DR,BCA-104228,11/1/2021
373 CRYSTAL LAKE RD,BCA-103587,10/2/2021
689 DAISY LN,BCA-105180,2/10/2022
43231 DEER CANYON RD,BCA-103542,9/14/2021
43258 DEER CANYON RD,BCA-103751,9/30/2021
43240 DEER CANYON RD,BCA-104728,2/27/2022
362 VISTA LN,BCA-103117,7/9/2021
39272 WATERVIEW DR,BCA-104784,1/4/2022
556 WAYNOKA LN,BCA-104401,12/5/2021
42608 WILLOW AVE,BCA-103771,10/30/2021
459 BOYD TR,BCA-103080,8/4/2021
41790 BROWNIE LN Unit 1,BCA-103932,11/19/2021
41815 BROWNIE,BCA-103132,7/20/2021
41969 BROWNIE LN,BCA-104841,2/10/2022
888 CAMERON DR,BCA-105187,2/28/2022
986 CAMERON DR,BCA-102752,8/1/2021
393 CATALINA RD,BCA-104409,11/16/2021
762 BIRCH ST,BCA-102908,7/8/2021
760 BLUE JAY RD UNIT 14,BCA-104994,3/6/2022
760 BLUE JAY RD UNIT 28,BCA-104383,11/16/2021
760 BLUE JAY RD #48,BCA-102263,5/29/2021
40238 BONITA LN,BCA-104695,1/28/2022
43343 BOW CANYON RD,BCA-103493,9/4/2021
469 CATALINA RD,BCA-103953,10/19/2021
536 CATALINA RD,BCA-104700,12/21/2021
42532 CEDAR AVE,BCA-102880,7/9/2021
42550 CEDAR AVE,BCA-104360,12/17/2021
42823 CEDAR AVE,BCA-104782,1/6/2022
39157 CHINCAPIN RD,BCA-104677,12/14/2021
637 CHIPMUNK LN,BCA-103696,11/15/2021
430 S CIENEGA RD,BCA-104088,11/16/2021
515 CIENEGA RD,BCA-104436,9/7/2021
40670 BIG BEAR BLVD UNIT12,BCA-105557,10/11/2021
647 BAYVIEW RD,BCA-103759,10/21/2021
1181 BEAR MEADOWS LN,BCA-104182,11/19/2021
40697 BEAVER LN,BCA-102332,6/26/2021
693 BERKLEY LN,BCA-104346,11/16/2021
777 BERKLEY LN,BCA-103885,10/24/2021
41935 SWITZERLAND #126,BCA-104165,12/20/2021
41935 SWITZERLAND #37,BCA-102675,6/11/2021
41935 SWITZERLAND #45,BCA-105388,3/28/2022
41935 SWITZERLAND #53,BCA-103498,9/4/2021
41935 SWITZERLAND #54,BCA-103868,10/9/2021
41935 SWITZERLAND #58,BCA-103500,9/4/2021
41935 SWITZERLAND #78,BCA-104381,10/22/2021
1140 SYLVAN GLEN,BCA-104089,11/16/2021
1166 Sylvan Glen,BCA-103078,7/30/2021
687 TALMADGE RD,BCA-104812,1/7/2022
755 CIENEGA RD Unit B,BCA-104678,12/15/2021
767 CIENEGA RD Unit C,BCA-104561,12/13/2021
737 CIENGA RD Unit A,BCA-104631,12/8/2021
694 CIRCLE LN,BCA-102729,6/7/2021
1362 CLUB VIEW DR Unit 1,BCA-103308,7/29/2021
1377 CLUB VIEW DR Unit 14,BCA-104790,11/6/2021
1155 CLUBVIEW DR,BCA-104115,12/8/2021
43481 COLUSA CT,BCA-105110,2/2/2022
43497 COLUSA CT,BCA-102914,7/12/2021
43613 COLUSA DR,BCA-103061,7/28/2021
43620 COLUSA DR,BCA-103546,9/27/2021
43709 COLUSA DR,BCA-104421,11/17/2021
41471 COMSTOCK LN,BCA-104441,11/18/2021
494 LAKEVIEW CT,BCA-103218,9/25/2021
40064 LAKEVIEW DR,BCA-102461,6/27/2021
40138 LAKEVIEW DR,BCA-102506,6/27/2021
39802 LAKEVIEW UNIT 15,BCA-104301,7/20/2021
39802 LAKEVIEW #32,BCA-103205,8/11/2021
302 LANDING LN,BCA-104303,10/30/2021
41495 MC WHINNEY LN,BCA-103667,11/28/2021
43869 MENDOCINO DR,BCA-103047,9/7/2021
832 MENLO DR,BCA-104777,1/19/2022
848 MENLO DR,BCA-102970,8/18/2021
862 MENLO DR,BCA-103859,10/12/2021
941 MENLO DR,BCA-104520,1/4/2022
649 METCALF LN,BCA-104681,12/15/2021
40155 MILLCREEK RD,BCA-104399,12/18/2021
39360 MOAB LN,BCA-104340,11/16/2021
668 MODOC DR,BCA-104715,1/14/2022
714 JEFFRIES RD,BCA-103157,8/12/2021
569 KILLINGTON WY,BCA-103625,9/15/2021
382 KNIGHT AVE,BCA-105261,2/23/2022
574 KNIGHT AVE,BCA-103916,11/21/2021
868 KNIGHT AVE,BCA-103363,10/25/2021
421 NORTHERN CROSS DR,BCA-105245,2/23/2022
105 OLYMPIC,BCA-102581,6/21/2021
159 ORIOLE DR,BCA-102719,6/17/2021
410 ORIOLE DR,BCA-104466,1/24/2022
763 ORIOLE DR,BCA-103402,9/10/2021
41682 PARK AVE,BCA-104352,12/15/2021
561 GEORGIA ST,BCA-103875,10/26/2021
756 GEORGIA ST,BCA-103959,10/28/2021
39991 GLENVIEW AVE,BCA-103235,9/10/2021
357 GLENWOOD DR,BCA-104882,2/7/2022
585 GOLDEN WEST DR,BCA-103163,9/7/2021
610 GOLDEN WEST DR,BCA-104447,10/10/2021
43071 GOLDMINE WOODS LN,BCA-103630,9/1/2021
43083 GOLDMINE WOODS LN,BCA-103629,9/1/2021
43472 PRIMROSE DR,BCA-103694,9/28/2021
43496 PRIMROSE DR,BCA-102580,6/20/2021
414 QUAIL DR,BCA-104595,11/25/2021
844 RAVINE RD,BCA-102747,5/29/2021
43669 RIDGE CREST DR,BCA-103208,8/12/2021
43368 RIDGECREST DR,BCA-105266,3/7/2022
43601 RIDGECREST DR,BCA-105297,1/4/2022
39038 ROBIN RD,BCA-103175,8/8/2021
379 EUREKA,BCA-103276,8/13/2021
403 EUREKA DR,BCA-104227,9/2/2021
41951 EVERGREEN DR,BCA-103421,10/2/2021
42016 EVERGREEN DR,BCA-103004,9/18/2021
42203 EVERGREEN DR,BCA-104748,1/12/2022
42933 FAIRY AVE,BCA-104670,12/21/2021
42934 FAIRY AVE,BCA-105164,3/9/2022
446 FALLEN LEAF DR,BCA-104168,12/16/2021
494 FALLEN LEAF RD,BCA-104742,1/3/2022
42988 FALLS AVE,BCA-102370,6/5/2021
42951 FERN AVE,BCA-104098,10/27/2021
42991 FERN AVE,BCA-104385,11/16/2021
116 FINCH DR,BCA-102893,6/27/2021
861 THRUSH DR 15,BCA-103788,11/6/2021
861 THRUSH DR 52,BCA-103364,10/20/2021
861 THRUSH #56,BCA-105056,3/19/2022
861 THRUSH Unit 54,BCA-105224,3/14/2022
861 THRUSH #11,BCA-105034,3/19/2022
861 THRUSH DR 16,BCA-104857,2/9/2022
42692 TIMBERLINE TR,BCA-105387,4/10/2022
745 TOMAHAWK DR,BCA-103473,10/5/2021
40021 Trl. of the Whispering Pines,BCA-103440,8/13/2021
1321 SHASTA CT,BCA-105148,3/20/2022
43535 SHASTA RD,BCA-102815,8/9/2021
43665 SHASTA RD,BCA-103870,10/7/2021
43469 SHEEPHORN RD,BCA-104965,2/19/2022
39427 SILVER PINE CT,BCA-103312,8/19/2021
40612 SIMONDS DR,BCA-105200,2/25/2022
40627 SIMONDS DR,BCA-105161,3/12/2022
43094 DEER RUN CT,BCA-104474,12/27/2021
43097 DEER RUN CT,BCA-105238,3/26/2022
126 EAGLE DR,BCA-103403,10/7/2021
247 EAGLE DR,BCA-103202,8/30/2021
266 S EAGLE DR,BCA-103074,8/8/2021
308 EAGLE DR,BCA-102811,7/20/2021
42400 EAGLE RIDGE DR,BCA-103383,10/7/2021
41393 EASTWOOD RD,BCA-104628,12/8/2021
224 ECHO HILL,BCA-104591,12/3/2021
132 STONY CREEK RD,BCA-103627,9/18/2021
569 SUMMIT BLVD Unit 11,BCA-103136,9/22/2021
605 SUMMIT BLVD,BCA-105133,2/5/2022
795 SUMMIT BLVD Unit 3,BCA-105088,3/4/2022
43147 SUNSET DR,BCA-104418,11/17/2021
41739 SWAN DR,BCA-103726,9/26/2021
41787 SWAN DR,BCA-103894,10/8/2021
777 SWITZERLAND PL,BCA-105400,3/21/2022
41714 SWITZERLAND DR,BCA-103072,9/13/2021
41550 COMSTOCK LN,BCA-104178,11/18/2021
41368 CONDOR DR,BCA-102757,6/20/2021
609 CONKLIN RD,BCA-103130,7/24/2021
796 CONKLIN RD,BCA-104875,1/18/2022
42530 COUGAR RD,BCA-104638,12/15/2021
42741 WILLOW AVE,BCA-103257,8/15/2021
42856 WILLOW AVE,BCA-102808,10/19/2021
42863 WILLOW AVE,BCA-103531,9/22/2021
39082 WILLOW LANDING,BCA-104171,12/10/2021
39401 WILLOW LANDING,BCA-103530,7/23/2021
39422 WILLOW LANDING RD,BCA-103038,7/27/2021
440 WINDSONG PL,BCA-102565,6/2/2021
42143 WINTERPARK DR,BCA-104269,11/30/2021
730 WINTERSET CT,BCA-103750,9/30/2021
733 WINTERSET CT,BCA-103764,10/24/2021
43897 WOLF DR,BCA-105290,2/25/2022
1223 WOLF CREEK DR,BCA-102748,6/19/2021
507 WOODLAND WY,BCA-103002,8/13/2021
303 WREN DR,BCA-103654,9/5/2021
406 WREN DR,BCA-104486,11/25/2021
43563 YOSEMITE DR,BCA-102503,6/5/2021
43701 YOSEMITE DR,BCA-103702,11/26/2021
43865 YOSEMITE DR,BCA-103351,11/14/2021
39268 LARK SPUR,BCA-104560,12/13/2021
1287 LASSEN DR,BCA-102868,6/18/2021
1333 LASSEN DR,BCA-105331,3/2/2022
596 LUCERNE DR,BCA-102978,7/26/2021
669 MAIN ST,BCA-102407,6/16/2021
693 MAIN ST,BCA-104169,9/18/2021
687 MARIN RD,BCA-104583,12/3/2021
774 MARIN RD,BCA-104802,12/11/2021
42598 LA CERENA AVE,BCA-103224,9/7/2021
42762 LA CERENA AVE,BCA-104435,11/10/2021
41387 LAHONTAN DR,BCA-102992,7/19/2021
42966 MONTEREY ST,BCA-103275,9/30/2021
43070 MONTEREY ST,BCA-105219,3/5/2022
43152 MOONRIDGE CT,BCA-104530,11/30/2021
439 MOUNTAINAIRE LN,BCA-103314,8/27/2021
43073 GRIZZLY RD,BCA-103933,11/5/2021
40227 GUINAN LN,BCA-103215,9/28/2021
545 HIGHLAND RD,BCA-104829,10/28/2021
583 HIGHLAND RD,BCA-104288,11/10/2021
40135 HIGHLAND RD,BCA-102587,6/6/2021
40191 HIGHLAND RD,BCA-102659,6/1/2021
39989 HILLCREST DR,BCA-102677,6/11/2021
41484 Tahoe Dr,BCA-102919,7/15/2021
42775 Peregrine Ave,BCA-103267,9/8/2021
806 Summit Blvd Unit A,BCA-103634,9/18/2021
774 Summit Blvd Unit B,BCA-104161,11/2/2021
41785 SWITZERLAND #A,BCA-103247,8/13/2021
797 Oriole Dr,BCA-102576,6/14/2021
42425 Juniper Dr,BCA-103928,10/24/2021
42648 Cedar Ave,BCA-104731,12/28/2021
1288 Club View Dr #105,BCA-103994,10/15/2021
825 Conklin,BCA-105011,1/28/2022
43596 Sheephorn Rd,BCA-104172,12/16/2021
920 ANDREW LN,BCA-104996,12/21/2021
425 ARROYO DR,BCA-104894,1/19/2022
39328 AURORA RD,BCA-104503,12/4/2021
42476 BALBOA LN,BCA-104130,11/2/2021
1249 BALSAM DR,BCA-103672,9/24/2021
40997 Pennsylvania Ave,BCA-102475,7/19/2021
41050 Pennsylvania Ave,BCA-104885,2/11/2022
42540 PEREGRINE AVE,BCA-103599,10/16/2021
42543 PEREGRINE AVE,BCA-103648,10/16/2021
1239 PIGEON RD,BCA-103037,7/16/2021
430 S PINEY LN,BCA-104926,2/19/2022
138 POPLAR ST,BCA-103233,9/13/2021
39756 FOREST RD,BCA-102570,6/13/2021
39934 FOREST DR,BCA-104712,1/28/2022
42420 FOX FARM RD,BCA-104471,12/7/2021
42599 FOX FARM RD,BCA-103343,10/7/2021
147 TEAKWOOD DR,BCA-105105,2/5/2022
790 TEHAMA DR,BCA-103561,9/22/2021
870 TEHAMA DR,BCA-104846,12/5/2021
444 TEMPLE LN,BCA-102464,7/11/2021
481 TEMPLE LN,BCA-104170,10/30/2021
623 TEMPLE LN,BCA-103691,10/19/2021
653 TEMPLE LN,BCA-104698,1/19/2022
425 TENNESSEE LN,BCA-104539,11/30/2021
1120 TETON DR,BCA-104220,12/2/2021
789 RUEDA LN,BCA-104597,12/3/2021
807 RUEDA LN,BCA-104904,1/20/2022
43595 SAND CANYON RD,BCA-104730,11/14/2021
371 SANTA CLARA BLVD,BCA-103040,7/23/2021
453 SANTA CLARA,BCA-105506,5/12/2022
811 EDGEMOOR,BCA-103620,9/18/2021
846 EDGEMOOR RD,BCA-104877,2/7/2022
644 ELM ST,BCA-103272,8/5/2021
675 ELM ST,BCA-105091,2/1/2022
712 ELM ST,BCA-104923,2/10/2022
812 ELM ST,BCA-104407,12/2/2021
864 ELM ST,BCA-104345,12/4/2021
42937 ENCINO RD,BCA-104099,10/27/2021
203 N EUREKA DR,BCA-103296,8/19/2021
1209 SISKIYOU DR,BCA-105095,2/12/2022
797 SNAKE DANCE PL,BCA-103041,8/15/2021
42317 SNOWCREST DR,BCA-103834,10/19/2021
42363 SNOWCREST,BCA-104468,11/23/2021
383 SPRINGHILL PL,BCA-104967,1/25/2022
599 ST ANTON CT,BCA-103138,8/21/2021
692 ST MORITZ,BCA-103591,10/5/2021
761 ST MORITZ DR,BCA-104833,1/12/2022
39163 STARVIEW LN,BCA-104499,12/28/2021
39212 STARVIEW LN,BCA-103318,8/8/2021
707 COVE DR,BCA-103562,9/17/2021
720 COVE DR,BCA-104590,12/3/2021
725 COVE DR,BCA-104754,1/19/2022
315 CRATER LAKE RD,BCA-102873,7/9/2021
39775 CROCUS DR,BCA-104234,11/14/2021
43501 VILLA GROVE AVE (AKA 43364),BCA-103733,10/14/2021
470 VISTA,BCA-105031,1/29/2022
38838 WATERVIEW DR,BCA-105183,2/9/2022
38850 WATERVIEW DR,BCA-103924,10/18/2021
39241 WATERVIEW DR,BCA-104636,12/21/2021
42543 WILLOW AVE,BCA-103464,10/3/2021
42551 WILLOW AVE,BCA-102973,8/30/2021
42584 WILLOW AVE,BCA-102397,5/29/2021
43655 BOW CANYON DR,BCA-104563,12/15/2021
41656 BROWNIE LN (Front),BCA-102547,6/15/2021
403 CANVASBACK RD,BCA-104813,1/8/2022
372 CATALINA RD,BCA-102870,7/24/2021
820 BIRCH ST,BCA-103153,8/7/2021
674 BLUE JAY RD,BCA-103399,8/25/2021
760 BLUE JAY RD UNIT 47,BCA-104274,12/3/2021
40263 BONITA LN,BCA-104351,12/15/2021
447 CATALINA RD,BCA-102575,6/14/2021
42641 CEDAR AVE,BCA-105220,2/17/2022
42748 CEDAR AVE,BCA-105184,2/9/2022
42801 CEDAR AVE,BCA-103465,10/3/2021
627 CHIPMUNK LN,BCA-103998,11/8/2021
684 CHIPMUNK LN,BCA-102015,5/29/2021
581 CIENEGA RD,BCA-103762,10/24/2021
38983 BAYVIEW LN,BCA-102589,6/19/2021
40725 BEAVER LN,BCA-104723,1/9/2022
701 BERKLEY LN,BCA-104821,1/14/2022
41935 SWITZERLAND #117,BCA-102213,6/2/2021
41935 SWITZERLAND #31,BCA-105041,3/20/2022
41935 SWITZERLAND #86,BCA-104058,11/12/2021
42070 SWITZERLAND,BCA-103865,10/9/2021
41935 SWITZERLAND #9,BCA-104016,11/10/2021
41935 SWITZERLAND #14,BCA-104080,11/14/2021
1129 SYLVAN GLEN,BCA-102330,6/10/2021
38620 TALBOT DR,BCA-105207,2/16/2022
535 TALMADGE RD,BCA-102212,6/17/2021
636 TALMADGE RD,BCA-104572,12/1/2021
699 CIENEGA RD Unit D,BCA-103377,10/10/2021
711 CIENEGA RD Unit C,BCA-103253,8/14/2021
737 CIENEGA RD Unit C,BCA-105168,3/4/2022
781 CIENEGA RD Unit C,BCA-104298,11/12/2021
40356 CLIFF LN,BCA-105109,2/2/2022
1068 CLUB VIEW DR,BCA-105096,3/28/2022
1137 CLUB VIEW DR,BCA-103035,8/29/2021
1377 CLUB VIEW DR Unit 1,BCA-105083,3/21/2022
1377 CLUB VIEW DR Unit 15,BCA-103302,8/19/2021
1377 CLUB VIEW DR Unit 3,BCA-103439,9/2/2021
1413 CLUB VIEW DR,BCA-103068,9/3/2021
1377 CLUBVIEW DR Unit 17,BCA-104197,11/13/2021
41496 COMSTOCK LN,BCA-103361,8/24/2021
39697 LAKE DR,BCA-104255,11/1/2021
40074 LAKEVIEW DR,BCA-103799,11/19/2021
40330 LAKEVIEW DR,BCA-104386,11/16/2021
40365 LAKEVIEW,BCA-102965,8/3/2021
39802 LAKEVIEW UNIT 21,BCA-103225,9/3/2021
562 LAKEWOOD LN,BCA-104863,1/14/2022
41633 MC WHINNEY LN,BCA-105070,2/28/2022
40128 MILL CREEK RD,BCA-104873,1/15/2022
41640 MOCKINGBIRD DR,BCA-103763,10/24/2021
41559 MOCKINGBIRD DR,BCA-104264,11/27/2021
42652 JUNIPER DR,BCA-103527,10/5/2021
449 KNIGHT AVE,BCA-104017,11/9/2021
709 KNIGHT AVE,BCA-105177,3/18/2022
42539 LA CERENA AVE,BCA-105243,2/19/2022
374 NORTHERN CROSS DR,BCA-103844,10/7/2021
331 OLYMPIC DR,BCA-102781,6/23/2021
799 PAINE RD,BCA-104350,12/17/2021
41317 PARK AVE,BCA-102617,7/10/2021
41562 PARK AVE,BCA-105026,1/29/2022
41572 PARK AVE,BCA-103735,10/17/2021
42399 GOLDEN OAK RD,BCA-104110,12/4/2021
42470 GOLDEN OAK RD,BCA-104559,12/12/2021
590 GOLDEN WEST DR,BCA-102850,7/1/2021
639 GOLDEN WEST DR,BCA-105272,4/30/2022
751 GOLDEN WEST DR,BCA-102593,6/28/2021
43416 PRIMROSE DR,BCA-103977,12/4/2021
43485 PRIMROSE DR,BCA-103872,10/20/2021
1426 ROCKSPRAY DR,BCA-102902,6/12/2021
1473 ROCKSPRAY DR,BCA-104569,11/30/2021
800 EUREKA DR,BCA-103344,9/5/2021
41932 EVERGREEN DR,BCA-102789,6/30/2021
41981 EVERGREEN DR,BCA-105178,3/18/2022
42136 EVERGREEN DR,BCA-103570,9/16/2021
42172 EVERGREEN DR,BCA-104498,11/23/2021
42264 EVERGREEN DR,BCA-104844,1/13/2022
42636 FALCON AVE,BCA-104221,11/4/2021
42669 FALCON AVE,BCA-105341,3/3/2022
364 FALLEN LEAF,BCA-104806,1/20/2022
133 FINCH,BCA-104131,11/14/2021
43888 YOSEMITE DR,BCA-102566,6/3/2021
665 THRUSH DR,BCA-102750,6/22/2021
861 THRUSH DR 82,BCA-104548,12/14/2021
41684 THRUSH CT,BCA-104968,2/9/2022
861 THRUSH BLVD Unit 43,BCA-104210,12/12/2021
861 THRUSH #2,BCA-105066,3/19/2022
861 THRUSH #51,BCA-105059,3/23/2022
861 THRUSH DR Unit 84,BCA-105139,12/11/2021
791 TOMAHAWK DR,BCA-104724,1/6/2022
428 TYROL LN,BCA-104735,1/26/2022
1309 SHASTA CT,BCA-104627,12/8/2021
43281 SHASTA RD,BCA-105348,3/3/2022
43577 SHASTA RD,BCA-102900,6/30/2021
43336 SHEEPHORN RD,BCA-105170,3/4/2022
43482 SHEEPHORN RD,BCA-104692,12/12/2021
43422 SHEEPHORN RD,BCA-104786,1/5/2022
43453 SHEEPHORN DR,BCA-104835,1/12/2022
43489 SHEEPHORN RD,BCA-103675,10/31/2021
720 SILVER TIP DR,BCA-102784,8/12/2021
737 SILVER TIP DR,BCA-102563,6/2/2021
742 SILVERTIP,BCA-104650,12/9/2021
789 SILVERTIP DR,BCA-105009,1/28/2022
40638 SIMONDS DR,BCA-103386,8/15/2021
40246 DREAM ST,BCA-102665,6/10/2021
42311 EAGLERIDGE DR,BCA-103346,8/24/2021
344 EDGEMOOR RD,BCA-104719,1/17/2022
667 SUMMIT BLVD Unit 2,BCA-102843,8/26/2021
733 SUMMIT BLVD Unit 2,BCA-103656,9/22/2021
742 SUMMIT DR,BCA-105102,2/6/2022
43222 SUNSET DR,BCA-104206,12/2/2021
41935 SWITZERLAND #50,BCA-105040,3/20/2022
41745 COMSTOCK LN,BCA-104476,12/5/2021
41334 CONDOR DR,BCA-103528,10/1/2021
408 CONKLIN RD,BCA-103902,10/11/2021
693 CONKLIN RD,BCA-103594,10/7/2021
42548 COUGAR RD,BCA-104604,12/4/2021
42762 COUGAR RD,BCA-104577,11/27/2021
39406 WILLOW LDG,BCA-102929,7/13/2021
472 WINDSONG PL,BCA-105366,4/27/2022
43539 WOLF RD,BCA-105436,3/16/2022
43697 WOLF RD,BCA-99535,7/1/2021
241 WREN DR,BCA-104253,11/6/2021
43598 YOSEMITE DR,BCA-105104,2/2/2022
43727 YOSEMITE DR,BCA-102993,8/8/2021
573 LUCERNE DR,BCA-103657,9/23/2021
694 MAIN ST,BCA-103709,10/23/2021
615 MARIN RD,BCA-104218,9/29/2021
670 MARIN RD,BCA-102812,8/23/2021
42678 LA CERENA AVE,BCA-103597,10/24/2021
42794 LA CERENA AVE,BCA-103716,11/3/2021
42594 LA PLACIDA AVE,BCA-102529,6/27/2021
42706 LA PLACIDA AVE,BCA-103460,10/2/2021
41295 LAHONTON DR,BCA-103520,10/24/2021
135 LAKE DR,BCA-102525,6/8/2021
42810 MONTEREY ST,BCA-103360,8/5/2021
42921 MONTEREY ST,BCA-105078,2/13/2022
42954 MONTEREY ST,BCA-104716,1/14/2022
43062 MONTEREY ST,BCA-104878,2/8/2022
43014 MOONRIDGE RD,BCA-104448,11/2/2021
43117 MOONRIDGE RD,BCA-104145,12/5/2021
43230 MOONRIDGE RD,BCA-103477,10/9/2021
449 MOUNTAINAIRE LN,BCA-104711,1/17/2022
40270 NARROW LN,BCA-103951,10/19/2021
39074 NORTH BAY RD,BCA-105122,2/4/2022
42687 HAUPSTRASSE DR,BCA-103179,9/11/2021
42285 HEAVENLY VALLEY RD,BCA-105163,3/19/2022
42364 HEAVENLY VALLEY RD,BCA-104508,1/22/2022
40057 HIGHLAND RD,BCA-104275,11/9/2021
40092 HILLCREST DR,BCA-103645,10/12/2021
41605 HUMMINGBIRD LN,BCA-104100,10/26/2021
40636 IRONWOOD DR,BCA-103589,10/2/2021
857 JAYBIRD LN,BCA-102782,6/23/2021
560 JEFFERIES RD,BCA-104713,1/23/2022
40066 FOREST RD Unit B,BCA-104195,11/26/2021
40573 SIMONDS DR Unit 2,BCA-103443,8/13/2021
854 BRIER TR Unit B,BCA-103258,8/18/2021
1352 CLUB VIEW DR Unit A,BCA-103305,7/29/2021
40197 MILLCREEK RD Unit A,BCA-104792,10/24/2021
335 ARROYO DR Unit C,BCA-105363,3/3/2022
1310 Lassen Dr Unit B (lower unit),BCA-104587,12/2/2021
43451 Sheephorn Rd,BCA-103721,9/26/2021
1288 Club View Dr #102,BCA-103992,10/15/2021
43625 Wolf Rd,BCA-105118,1/6/2022
1209 ASPEN DR,BCA-103207,9/28/2021
42337 AVALON RD,BCA-104287,10/16/2021
42606 AVALON RD,BCA-103641,8/26/2021
42387 BALBOA LN,BCA-103582,9/16/2021
1295 BALSAM DR,BCA-105182,2/10/2022
40954 PENNSYLVANIA,BCA-104200,11/22/2021
753 Marin,BCA-103961,10/19/2021
41070 PENNSYLVANIA,BCA-104708,3/26/2022
42592 PEREGRINE AVE,BCA-104290,11/10/2021
1235 PIGEON RD,BCA-104184,11/20/2021
583 PONDEROSA DR,BCA-104537,12/10/2021
164 FINCH DR,BCA-104367,12/20/2021
237 FINCH DR,BCA-103900,10/2/2021
39588 FOREST RD,BCA-104929,10/9/2021
39592 FOREST RD,BCA-104765,12/23/2021
39740 FOREST RD,BCA-103877,11/19/2021
39752 FOREST RD,BCA-103914,10/19/2021
40087 FOREST BLVD,BCA-104337,10/6/2021
470 FOX DR,BCA-102844,7/18/2021
515 FOX DR,BCA-103357,8/24/2021
373 GEORGIA ST,BCA-102667,7/8/2021
41753 TANAGER DR,BCA-103929,11/21/2021
776 TEHAMA DR,BCA-103414,8/31/2021
822 TEHAMA DR,BCA-102466,7/1/2021
828 TEHAMA DR,BCA-103389,10/6/2021
872 TEHAMA DR,BCA-103271,8/17/2021
704 TEMPLE LN,BCA-103753,10/9/2021
656 SAINT MORITZ DR,BCA-103232,9/18/2021
41810 SAINT MORITZ CT,BCA-104644,7/16/2021
629 SAN GORGONIO DR,BCA-102909,7/8/2021
1263 SAND CANYON CT,BCA-104924,1/21/2022
43597 SAND CANYON RD,BCA-104120,11/16/2021
285 SANTA CLARA BLVD,BCA-104237,10/22/2021
270 SCANDIA RD,BCA-103193,7/30/2021
383 SCANDIA RD,BCA-102685,5/26/2021
825 EDGEMOOR RD,BCA-103646,10/2/2021
831 EDGEMOOR RD,BCA-105509,11/18/2021
921 ELK RD,BCA-103909,11/6/2021
40218 ESTERLY LN,BCA-104335,11/5/2021
40256 ESTERLY ST,BCA-105252,5/27/2022
40267 ESTERLY LN,BCA-103301,8/19/2021
147 N EUREKA DR,BCA-104564,12/15/2021
1269 SISKIYOU DR,BCA-103954,10/19/2021
42084 SNOWMASS LN,BCA-103196,9/20/2021
42106 SNOWMASS,BCA-104504,12/4/2021
661 SPRUCE RD #2,BCA-102955,7/16/2021
560 ST ANTON CT,BCA-102311,6/27/2021
356 STARLIGHT CIR,BCA-103155,9/15/2021
481 STARLIGHT CIR,BCA-104740,5/12/2022
668 COVE DR,BCA-103487,9/3/2021
687 COVE DR,BCA-102704,6/16/2021
743 COVE DR,BCA-104903,8/20/2021
779 COVE DR,BCA-102578,6/19/2021
421 CRANE DR,BCA-102837,6/4/2021
611 CRESTWOOD,BCA-105158,3/4/2022
39786 CROCUS DR,BCA-105372,3/12/2022
40694 CROFT LN,BCA-103633,9/2/2021
43368 DEER CANYON RD,BCA-102967,8/8/2021
43264 DEER CANYON RD,BCA-105121,2/4/2022
43273 DEER CANYON RD,BCA-102410,7/3/2021
43491 VILLA GROVE AVE,BCA-104186,11/20/2021
453 VISTA LN,BCA-104768,1/9/2022
535 VISTA LN,BCA-102644,7/2/2021
38840 WATERVIEW DR,BCA-103496,9/3/2021
39062 WATERVIEW DR,BCA-103011,6/20/2021
39071 WATERVIEW DR,BCA-103861,10/12/2021
39187 WATERVIEW DR,BCA-104026,11/2/2021
42563 WILLOW AVE,BCA-103700,11/13/2021
555 BRECKENRIDGE RD,BCA-103652,9/21/2021
595 BRECKENRIDGE RD,BCA-103818,10/18/2021
644 BRECKENRIDGE RD,BCA-104461,1/7/2022
854 BRIER TR Unit A,BCA-104104,11/1/2021
41853 BROWNIE LN,BCA-102522,5/31/2021
1301 BUFFALO CT,BCA-102619,7/15/2021
1319 BUFFALO CT,BCA-103242,9/25/2021
342 CATALINA RD,BCA-103712,9/29/2021
760 BLUE JAY RD UNIT 11,BCA-104064,12/26/2021
760 BLUE JAY RD UNIT 12,BCA-102770,6/23/2021
760 BLUE JAY RD UNIT 5,BCA-102651,6/26/2021
760 BLUE JAY RD UNIT 8,BCA-105254,2/23/2022
758 BOULDER BAY CT,BCA-105427,2/28/2022
43289 BOW CANYON RD,BCA-104005,11/23/2021
43335 BOW CANYON RD,BCA-102986,7/17/2021
639 CATBIRD LN,BCA-105131,10/1/2021
42639 CEDAR AVE,BCA-102961,7/15/2021
42743 CEDAR AVE,BCA-104880,2/16/2022
42850 CEDAR AVE,BCA-104879,2/16/2022
40670 BIG BEAR BLVD UNIT 2,BCA-103139,8/21/2021
40670 BIG BEAR BLVD UNIT 8,BCA-103549,10/30/2021
39017 BAYVIEW LN,BCA-102972,8/23/2021
39054 BAYVIEW LN,BCA-102545,6/1/2021
1171 BEAR MEADOWS LN,BCA-104185,11/20/2021
41935 SWITZERLAND #34,BCA-104609,12/18/2021
41935 SWITZERLAND #36,BCA-103744,11/20/2021
41935 SWITZERLAND #48,BCA-102759,6/19/2021
41935 SWITZERLAND #60,BCA-105038,3/20/2022
41935 SWITZERLAND #74,BCA-102772,6/23/2021
41935 SWITZERLAND #89,BCA-105035,3/27/2022
41935 SWITZERLAND #92,BCA-105426,4/2/2022
41935 SWITZERLAND #10,BCA-103743,11/20/2021
676 CIENEGA RD,BCA-103541,9/2/2021
737 CIENEGA RD Unit B,BCA-103206,8/11/2021
749 CIENEGA RD Unit A,BCA-103495,10/14/2021
767 CIENEGA RD Unit D,BCA-104135,11/7/2021
773 CIENEGA RD Unit C,BCA-103869,10/2/2021
793 CIENEGA RD Unit C,BCA-104060,11/15/2021
799 CIENEGA RD Unit A,BCA-104128,11/8/2021
854 Cienega Unit 100,BCA-104634,12/8/2021
707 CIRCLE LN,BCA-105193,2/11/2022
1011 CLUB VIEW DR,BCA-104049,10/23/2021
1056 CLUB VIEW DR,BCA-103445,8/10/2021
1432 CLUB VIEW DR,BCA-105081,2/6/2022
947 CLUBVIEW DR,BCA-102629,7/31/2021
41455 COMSTOCK LN,BCA-105147,3/6/2022
41456 COMSTOCK,BCA-104553,12/11/2021
39445 LAKE DR,BCA-102282,6/20/2021
39534 LAKE DR,BCA-103699,10/30/2021
39575 LAKE DR,BCA-103099,9/27/2021
39832 LAKEVIEW DR,BCA-103220,9/20/2021
40108 LAKEVIEW DR,BCA-104876,2/13/2022
40324 LAKEVIEW DR,BCA-104296,11/12/2021
39802 LAKEVIEW UNIT 16,BCA-104632,12/8/2021
41574 MCWHINNEY LN,BCA-102869,7/16/2021
41576 MOCKINGBIRD DR,BCA-104231,11/5/2021
42572 JUNIPER DR,BCA-104568,12/27/2021
42662 JUNIPER ST,BCA-105210,5/13/2022
363 KNIGHT AVE,BCA-102756,8/21/2021
649 KNIGHT AVE,BCA-103701,10/2/2021
234 KNOLL RD,BCA-104051,10/23/2021
713 NORTH STAR DR,BCA-104874,1/18/2022
379 OLYMPIC DR,BCA-104358,12/17/2021
381 OLYMPIC DR,BCA-105308,3/26/2022
110 ORIOLE DR,BCA-105280,2/26/2022
234 ORIOLE DR,BCA-104556,12/11/2021
428 ORIOLE DR,BCA-103970,10/20/2021
843 PAINE RD,BCA-105365,4/12/2022
39255 PEAK LN,BCA-105250,2/25/2022
370 GIBRALTER RD,BCA-104565,12/17/2021
40027 GLENVIEW RD,BCA-103843,10/7/2021
669 GOLDEN WEST DR,BCA-103683,9/13/2021
710 GOLDEN WEST DR,BCA-104125,11/4/2021
43072 GOLDMINE WOODS LN,BCA-103864,10/9/2021
43428 PRIMROSE DR,BCA-103732,10/12/2021
839 RAVINE RD,BCA-104791,10/9/2021
1448 ROCKSPRAY DR,BCA-103725,9/26/2021
1450 ROCKSPRAY CT,BCA-103598,10/21/2021
1461 ROCKSPRAY DR,BCA-103525,10/9/2021
247 N EUREKA DR,BCA-104617,12/8/2021
269 EUREKA DR,BCA-104361,12/15/2021
289 EUREKA DR,BCA-104276,11/9/2021
620 S EUREKA DR,BCA-104834,1/12/2022
853 EUREKA,BCA-104043,11/9/2021
41910 EVERGREEN DR,BCA-103162,9/5/2021
42098 EVERGREEN DR,BCA-104701,11/10/2021
42243 EVERGREEN DR,BCA-103757,9/30/2021
437 FALLEN LEAF DR,BCA-104804,1/7/2022
115 N FINCH DR,BCA-103022,8/2/2021
603 THRUSH DR,BCA-105119,2/4/2022
783 THRUSH DR,BCA-104898,2/21/2022
861 THRUSH DR #47,BCA-102822,6/30/2021
861 THRUSH DR UNIT 62,BCA-104129,11/8/2021
861 THRUSH #55,BCA-105057,3/19/2022
42684 TIMBERLINE LN,BCA-103186,8/9/2021
887 TULIP LN,BCA-103968,10/20/2021
43360 SHASTA RD,BCA-105299,2/25/2022
43382 SHASTA RD,BCA-103568,8/23/2021
43470 SHEEPHORN RD,BCA-104651,12/10/2021
43497 SHEEPHORN RD,BCA-105175,3/17/2022
43228 SHEEPHORN RD,BCA-104675,1/24/2022
43418 SHEEPHORN DR,BCA-103826,10/10/2021
43666 SHEEPHORN RD,BCA-104757,1/25/2022
746 SILVERTIP DR,BCA-105007,2/2/2022
40595 SIMONDS DR,BCA-105354,4/12/2022
40609 SIMONDS DR,BCA-102707,6/30/2021
40660 SIMONDS DR,BCA-104143,11/7/2021
422 DIXIE LN,BCA-102905,6/24/2021
443 DIXIE LN,BCA-105284,4/2/2022
444 DIXIE LN,BCA-103708,9/28/2021
40143 DREAM ST,BCA-102741,6/19/2021
188 S EAGLE DR,BCA-104347,11/16/2021
190 N EAGLE DR,BCA-103398,8/26/2021
42216 EAGLE RIDGE DR,BCA-105473,4/27/2022
42295 EAGLE RIDGE RD,BCA-104415,11/17/2021
42824 EAGLES FLIGHT PL,BCA-102577,6/16/2021
585 ECHO LN,BCA-102710,6/5/2021
599 ECHO LN,BCA-104163,12/19/2021
119 STONY CREEK,BCA-104756,1/23/2022
340 STONY CREEK RD,BCA-103424,8/28/2021
569 SUMMIT BLVD 2,BCA-103555,9/15/2021
569 SUMMIT BLVD 10,BCA-104071,10/28/2021
667 SUMMIT BLVD Unit 1,BCA-105305,3/24/2022
690 SUMMIT BLVD Unit A,BCA-103409,5/28/2021
41477 SWAN DR,BCA-103886,10/23/2021
41771 SWAN DR,BCA-102846,7/1/2021
41816 SWITZERLAND DR,BCA-103317,8/27/2021
41588 COMSTOCK LN,BCA-102626,7/24/2021
41693 COMSTOCK LN,BCA-103036,9/19/2021
42770 CONIFER DR,BCA-104398,12/18/2021
872 CONKLIN RD,BCA-104860,12/22/2021
42570 CONSTELLATION,BCA-103595,10/7/2021
42656 CONSTELLATION,BCA-102834,6/8/2021
652 COTTAGE LN,BCA-105334,3/2/2022
42696 COUGAR RD,BCA-103848,11/20/2021
42728 COUGAR RD,BCA-103368,10/10/2021
42751 COUGAR RD,BCA-104646,12/8/2021
42778 WILLOW AVE,BCA-103784,11/8/2021
39050 WILLOW LANDING,BCA-104500,11/8/2021
39241 WILLOW LANDING,BCA-104811,2/22/2022
43565 WOLF RD,BCA-103334,8/22/2021
43745 WOLF RD,BCA-102842,7/31/2021
43855 WOLF RD,BCA-103919,10/15/2021
353 WREN DR,BCA-103760,10/21/2021
43578 YOSEMITE DR,BCA-104286,3/21/2022
43803 YOSEMITE RD,BCA-104618,12/8/2021
1261 LASSEN DR,BCA-103832,10/9/2021
1417 LASSEN DR,BCA-103949,10/24/2021
660 LINTNER RD,BCA-103260,9/17/2021
664 MARIN RD,BCA-103264,8/23/2021
707 MARIN RD,BCA-102567,6/4/2021
42557 LA CERENA AVE,BCA-103930,11/5/2021
42770 LA CERENA AVE,BCA-104469,11/23/2021
42765 LA PLACIDA AVE,BCA-104439,11/28/2021
42769 LA PLACIDA AVE,BCA-105275,2/25/2022
119 LAGUNITA LN Unit A,BCA-105084,3/27/2022
122 LAGUNITA LN,BCA-102825,6/17/2021
152 LAKE DR,BCA-104464,11/23/2021
42937 MONTEREY ST,BCA-104540,11/30/2021
42944 MONTEREY ST,BCA-103227,9/4/2021
42965 MONTEREY ST,BCA-103240,9/20/2021
43041 MONTEREY ST,BCA-103183,9/16/2021
43078 MONTEREY ST,BCA-104031,11/3/2021
42851 MONTEREY ST,BCA-105197,2/11/2022
42968 MONTEREY ST,BCA-104222,12/4/2021
42675 MOONRIDGE RD,BCA-104914,2/8/2022
43250 MOONRIDGE RD,BCA-104306,11/17/2021
781 MOUNTAIN SKY DR,BCA-105349,3/2/2022
43132 GRIZZLY RD,BCA-105196,2/11/2022
40180 GUINAN LN,BCA-103268,8/27/2021
42290 HEAVENLY VALLEY RD,BCA-105216,3/13/2022
542 HIGHLAND RD,BCA-103263,8/16/2021
40055 HILLCREST DR,BCA-103394,8/26/2021
40157 HILLCREST DR,BCA-105090,3/14/2022
1362 CLUB VIEW DR Unit 3,BCA-103310,7/29/2021
41743 Tanager Dr,BCA-104390,12/18/2021
41785 SWITZERLAND #C,BCA-103249,8/13/2021
1287 Pigeon Rd,BCA-104175,12/20/2021
42415 AVALON RD,BCA-102290,5/5/2021
38789 WATERVIEW,BCA-102116,5/17/2021
41617 BROWNIE LN,BCA-102405,4/11/2021
390 CANVAS BACK RD,BCA-102381,5/9/2021
383 CATALINA RD,BCA-102404,5/19/2021
473 CIENEGA RD,BCA-101685,4/9/2021
41935 SWITZERLAND #81,BCA-102302,4/24/2021
43586 COLUSA DR,BCA-102112,5/23/2021
39645 LAKE DR,BCA-102385,5/15/2021
880 GEORGIA ST,BCA-102923,4/10/2021
418 GIBRALTER RD,BCA-102284,5/12/2021
765 SUMMIT BLVD Unit 2,BCA-102211,5/7/2021
41935 SWITZERLAND #108,BCA-102306,4/24/2021
41935 SWITZERLAND #111,BCA-102632,4/24/2021
1382 LASSEN CT,BCA-101922,4/17/2021
637 MARIN RD,BCA-102327,4/15/2021
42550 LA PLACIDA AVE,BCA-102364,5/15/2021
128 LAGUNITA LN,BCA-102430,5/19/2021
42872 MONTEREY ST,BCA-102388,5/19/2021
43142 PLYMOUTH RD,BCA-102907,4/10/2021
472 TEMPLE LN,BCA-102389,5/20/2021
723 ELM ST,BCA-102292,5/13/2021
781 ELM ST,BCA-101688,4/17/2021
795 ELM ST,BCA-102509,5/8/2021
125 STARVATION FLATS RD,BCA-103425,5/2/2021
278 ORIOLE DR,BCA-102336,5/18/2021
701 GOLDENWEST DR,BCA-102384,5/13/2021
42972 FALLS AVE,BCA-102463,5/22/2021
841 SILVER TIP DR,BCA-102310,5/7/2021
41935 SWITZERLAND #112,BCA-102307,4/24/2021
700 Summit Blvd Unit B,BCA-102125,4/18/2021
42788 FOX FARM RD,BCA-102249,5/15/2021
217 CARDINAL DR,BCA-102390,5/20/2021
818 GEORGIA ST,BCA-102334,5/18/2021
43518 RIDGECREST DR,BCA-102433,5/20/2021
861 THRUSH Unit 29,BCA-102386,5/16/2021
43574 SHEEPHORN RD,BCA-105390,5/4/2021
43215 SUNSET DR,BCA-102315,5/14/2021
41569 SWAN DR,BCA-102359,4/14/2021
41747 COMSTOCK LN,BCA-101901,4/23/2021
640 Conklin Rd.,BCA-102866,5/17/2021
42710 CONSTELLATION,BCA-102335,5/18/2021
43575 WOLF RD,BCA-102728,5/10/2021
668 LINTNER RD,BCA-102712,5/23/2021
40218 GUINAN LN,BCA-102130,5/15/2021
599 SAHUARO WY,BCA-102447,4/9/2021
804 ELM ST,BCA-102443,5/19/2021
42955 ENCINO RD,BCA-102214,4/21/2021
43857 CANYON CREST DR,BCA-101636,4/12/2021
42728 CEDAR AVE,BCA-102286,5/5/2021
41935 SWITZERLAND #124,BCA-102308,4/24/2021
41935 SWITZERLAND #24,BCA-102295,4/24/2021
755 CIENEGA RD Unit A,BCA-102532,5/15/2021
40034 LAKEVIEW DR,BCA-102508,5/18/2021
40316 LAKEVIEW DR,BCA-102337,5/18/2021
208 KNOLL RD,BCA-102668,5/20/2021
103 ORIOLE DR,BCA-102432,4/30/2021
41088 MARYLAND,BCA-102379,5/7/2021
42705 MOONRIDGE RD Unit A,BCA-102234,4/25/2021
590 SUMMIT BLVD Unit B,BCA-102445,5/19/2021
307 Oriole Dr,BCA-102257,4/14/2021
792 PINE KNOT AVE,BCA-101428,4/17/2021
39305 CREST LN,BCA-102089,4/16/2021
39184 BUCKTHORN RD,BCA-102735,5/16/2021
41935 SWITZERLAND #57,BCA-102300,4/24/2021
41992 SWITZERLAND DR,BCA-101494,4/25/2021
616 TALMADGE,BCA-102600,5/20/2021
468 JEFFRIES RD,BCA-104209,5/1/2021
944 KNICKERBOCKER,BCA-102350,5/12/2021
643 KNIGHT AVE,BCA-102285,5/3/2021
619 GOLDEN WEST DR,BCA-102287,5/5/2021
41193 SWALLOW DR,BCA-102266,5/3/2021
797 SWITZERLAND PL,BCA-102599,5/23/2021
688 MAIN ST,BCA-102408,5/18/2021
42625 LA PLACIDA AVE,BCA-102441,5/5/2021
41191 PENNSYLVANIA,BCA-102264,5/17/2021
42578 CEDAR AVE,BCA-102243,5/3/2021
1002 CHERRY LN,BCA-102152,5/3/2021
41935 SWITZERLAND #30,BCA-102297,4/24/2021
41935 SWITZERLAND #3,BCA-102293,4/24/2021
895 KNIGHT AVE,BCA-103730,10/7/2021
771 OUTLOOK LN,BCA-102406,5/22/2021
41704 PARK AVE,BCA-102012,5/12/2021
256 EUREKA DR,BCA-102638,5/7/2021
142 S FINCH DR,BCA-102105,4/28/2021
43897 YOSEMITE DR,BCA-102333,5/8/2021
40592 SIMONDS DR Unit 2,BCA-101900,4/20/2021
499 WOODLAND,BCA-101829,4/29/2021
1298 PIGEON RD,BCA-102637,5/10/2021
39733 FOREST RD,BCA-102382,5/10/2021
39922 FOREST DR,BCA-101485,4/26/2021
609 TEMPLE LN,BCA-102268,5/19/2021
814 CRESTWOOD DR,BCA-101720,4/17/2021
42824 CEDAR AVE,BCA-102313,5/3/2021
39039 BAYVIEW LN,BCA-105413,5/1/2021
41935 SWITZERLAND #49,BCA-102299,4/24/2021
1377 CLUBVIEW DR Unit 18,BCA-102460,5/21/2021
397 GLENWOOD DR,BCA-102171,4/13/2021
42518 GOLD RUSH DR,BCA-102391,5/20/2021
43689 RIDGECREST DR,BCA-102192,5/3/2021
781 TOMAHAWK DR,BCA-102157,4/22/2021
700 SUMMIT BLVD Unit A,BCA-102124,4/18/2021
40261 MAHANOY LN,BCA-102431,5/16/2021
154 LAGUNITA LN,BCA-102462,5/21/2021
41401 LAHONTAN DR,BCA-102479,5/21/2021
508 HIGHLAND,BCA-102586,5/17/2021
39789 FOREST RD,BCA-102225,5/18/2021
440 TENNESSEE LN,BCA-102283,5/2/2021
42733 CEDAR AVE,BCA-102733,5/6/2021
562 CIENEGA RD,BCA-102446,5/12/2021
41935 SWITZERLAND #27,BCA-102296,4/24/2021
41935 SWITZERLAND #91,BCA-102153,5/23/2021
41935 SWITZERLAND #13,BCA-102294,4/24/2021
41431 COMSTOCK LN,BCA-102360,4/10/2021
336 KNIGHT AVE UNIT A,BCA-102551,5/11/2021
523 PAINE CT,BCA-102601,5/19/2021
43690 RIDGECREST DR,BCA-102094,4/9/2021
299 S EUREKA DR,BCA-102891,5/21/2021
41961 EVERGREEN DR,BCA-102254,5/19/2021
42923 FALLS AVE,BCA-102442,5/8/2021
43345 SHEEPHORN RD,BCA-101951,4/13/2021
590 SUMMIT BLVD Unit A,BCA-102444,5/19/2021
42792 COUGAR DR,BCA-102521,5/19/2021
447 WINDSONG PL,BCA-102510,5/23/2021
40192 GUINAN LN,BCA-102452,5/21/2021
